household_id,button_id,concept,num_modeling_events,num_spont_button_press
1,17010,WALK,62,48
1,17011,PLAY-ALL,30,7
1,17012,ALL DONE,63,9
1,17013,LATER,40,31
1,17014,NOW,144,34
1,17015,LOVE YOU,128,6
1,17016,MAD,69,10
1,17017,PERSON-RELATIVE,85,6
1,17021,WATER,27,1
1,17280,TREAT-ALL,57,134
1,20064,FOOD,56,106
1,20065,PERSON-STRANGER,42,2
1,21112,PERSON-PARENT,77,4
1,21245,GO OUTSIDE,49,81
1,24571,TOY-PUZZLE,8,3
1,24591,WANT,70,2
1,26185,OWN NAME,13,0
1,26186,PERSON-FRIEND,1,0
52,4711,SCRITCHES,16,20
52,4712,WATER,36,13
52,15897,FOOD,57,140
52,15898,OTHER,80,23
52,15899,BEGIN TRAINING SESSION,55,39
52,15900,ALL DONE,45,51
52,16196,GO OUTSIDE,24,16
52,16565,LOVE YOU,34,195
52,22743,LATER,3,3
52,NA,NA,2,1
60,19877,PLAY-ALL,3916,2551
60,19878,GO OUTSIDE,2036,1934
60,19879,INDOOR LOCATION-UPSTAIRS,65,62
60,19880,CUDDLE,151,109
60,19889,COME,1681,316
60,20104,TOY-BALL,1956,1369
60,20182,ALL DONE,1412,19
60,20429,FOOD,1369,2085
60,20430,WATER,231,71
60,20732,PERSON-PARENT,1229,16
60,20733,HELP,264,44
60,20909,ANIMAL-FRIEND,148,30
60,20910,FIND,302,4
60,21307,TOY-OTHER,1102,1406
60,21308,TOY-BONE,1252,1121
60,22495,WANT,2427,0
60,22496,MAD,28,5
60,23202,ANIMAL-FRIEND,74,5
60,24588,TOY-PUZZLE,126,135
136,4737,PERSON-PARENT,18,30
136,4738,ALL DONE,46,33
136,4740,GO TO BED,17,59
136,4744,ANIMAL-FRIEND,14,13
136,4746,PLAY-ALL,31,352
136,4747,ANIMAL-FRIEND,14,57
136,4749,TREAT-ALL,20,71
136,4750,WANT,59,216
136,10140,FOOD,42,216
136,10141,HAPPY,3,34
136,10142,LOVE YOU,6,144
136,10143,MAD,8,16
136,10145,GO OUTSIDE,44,241
136,10149,BEGIN TRAINING SESSION,28,146
136,10150,OWN NAME,88,68
136,10153,WATER,16,101
136,10154,YES,60,59
136,16686,INTERROGATIVE/QUESTION,78,10
136,16687,LATER,38,6
136,16688,NOW,29,8
136,16689,OTHER,1,16
136,16692,PERSON-STRANGER,12,22
136,17161,TOY-BALL,38,15
136,17371,LET'S GO,45,45
136,18115,OTHER,13,13
225,4769,ALL DONE,88,19
225,4770,GO TO BED,29,25
225,4771,PERSON-SIBLING,57,69
225,4772,COME,30,24
225,4773,PERSON-FRIEND,15,15
225,4774,TOY-OTHER,3,39
225,4775,FOOD,63,40
225,4776,HELP,9,31
225,4777,PERSON-PARENT,42,9
225,4778,LATER,176,48
225,4779,LOOK,14,89
225,4780,LOVE YOU,4,23
225,4781,PERSON-PARENT,81,24
225,4782,NO,80,22
225,4783,NOW,99,23
225,4784,GO OUTSIDE,52,151
225,4785,PLAY-ALL,12,30
225,4786,POTTY,24,246
225,4787,TOY-PUZZLE,19,67
225,4788,SCRITCHES,2,12
225,4789,SETTLE,12,71
225,4790,TREAT-ALL,89,253
225,4791,PLAY-TUG,38,211
225,4792,WALK,82,125
225,4793,WANT,73,12
225,4794,WATER,14,22
225,4795,INTERROGATIVE/QUESTION,43,48
225,4796,YES,83,16
225,4797,OWN NAME,124,22
225,10183,BYE,20,51
225,10190,HI,7,16
225,10191,INTERROGATIVE/QUESTION,53,27
225,10197,MORE,20,44
225,10211,INTERROGATIVE/QUESTION,152,19
225,16624,HAPPY,4,26
225,16625,MAD,19,37
225,16626,CUDDLE,14,24
225,16627,OTHER,13,44
225,16628,TREAT-ALL,18,94
225,16629,PERSON-FRIEND,21,23
225,16630,PERSON-STRANGER,9,20
225,16631,OTHER,8,45
225,16754,INDOOR LOCATION-OFFICE,14,75
225,16793,TOY-BALL,13,29
225,17112,OTHER,5,31
225,17113,HOME,62,127
225,17114,PLACE-OTHER,20,45
225,17115,CONCERNED,6,26
225,17628,OTHER,30,18
225,18925,OTHER,3,34
225,19447,ANIMAL-DOG,11,23
225,19703,LET'S GO,57,7
225,19704,OTHER,13,10
225,19705,BODY PART,2,15
225,19706,BODY PART,11,1
225,19708,BODY PART,1,49
225,19761,OTHER,7,4
225,19762,BODY PART,2,80
225,20100,OTHER,26,21
225,20108,OTHER,7,11
225,20969,OUTDOOR LOCATION-BACK YARD,15,27
225,21167,OTHER,9,5
225,24024,OTHER,1,10
225,24344,OUTDOOR LOCATION-PORCH,2,4
225,24584,TOY-BONE,1,3
323,19815,GO OUTSIDE,19,33
323,19816,TOY-STUFFED ANIMAL,8,39
323,19817,PLAY-ALL,55,76
323,19818,WATER,10,28
323,19819,SETTLE,18,20
323,19820,TOY-BALL,14,40
323,19821,LOVE YOU,9,12
323,19822,PERSON-PARENT,45,11
323,19823,ALL DONE,36,11
323,19824,WALK,24,34
323,19825,LATER,21,7
323,19826,NOW,32,6
323,19892,LET'S GO,30,35
323,19893,GO TO BED,10,2
323,19894,OTHER,11,12
323,19896,PERSON-PARENT,19,7
323,19905,ANIMAL-DOG,71,25
323,19980,HI,20,4
323,19981,WANT,38,19
323,19982,FOOD,27,16
323,20047,OUTDOOR LOCATION-OTHER,5,16
323,20086,OTHER,13,8
323,20087,CONCERNED,6,2
323,20088,YES,44,17
323,20089,NO,7,18
323,20092,SCRITCHES,5,25
323,20129,PLAY-TUG,11,10
323,20245,OUTDOOR LOCATION-OTHER,10,10
323,20246,INTERROGATIVE/QUESTION,35,16
323,20562,OTHER,7,3
323,20563,TREAT-ALL,5,15
323,20564,HAPPY,5,4
323,20570,OUTDOOR LOCATION-OTHER,7,9
323,20747,OTHER,3,2
323,21119,OTHER,3,3
323,21394,HOME,1,2
323,21564,LOOK,1,1
323,22047,INTERROGATIVE/QUESTION,2,2
471,4810,TREAT-ALL,18,781
471,4811,PERSON-PARENT,6,19
471,4813,HI,11,56
471,4817,INDOOR LOCATION-OTHER,6,43
471,10251,PERSON-PARENT,11,31
471,10252,ANIMAL-FRIEND,10,9
471,10255,PLAY-ALL,14,69
471,10257,FOOD,2,559
471,10258,OWN NAME,31,16
471,10259,SCRITCHES,1,21
471,10261,GO OUTSIDE,16,42
471,10262,WATER,1,107
471,17998,WANT,45,83
471,17999,COME,1,21
471,18000,TOY-BALL,4,44
471,18001,PEE,8,19
471,18002,POOP,4,8
471,18003,NOW,19,11
471,18004,LATER,14,24
471,18005,LET'S GO,17,29
471,18006,YES,13,28
471,18007,NO,6,20
471,18008,PLACE-PARK,4,26
471,18009,OTHER,4,25
471,18010,CONCERNED,4,12
471,18011,HELP,3,45
471,18012,HOME,2,56
471,18013,TRICK-GIVE PAW,2,40
471,18015,OTHER,1,21
471,18016,OTHER,4,15
471,18017,OTHER,18,110
471,18018,OTHER,12,63
471,18574,LOVE YOU,7,23
471,18575,OTHER,45,28
471,19385,ANIMAL-FRIEND,3,37
471,19386,PERSON-STRANGER,2,52
471,19467,HAPPY,9,50
471,19468,MAD,3,51
471,19485,PLACE-OTHER,1,21
471,19530,ANIMAL-FRIEND,22,14
471,20096,FOOD,17,198
471,20248,SETTLE,5,24
471,20708,OTHER,5,26
471,22084,BYE,2,7
471,22200,OTHER,7,4
471,22201,OTHER,4,10
471,22215,ANIMAL-FRIEND,1,2
471,22223,ANIMAL-OTHER,1,8
471,22335,PERSON-FRIEND,3,0
471,22578,OTHER,3,3
471,22581,ANIMAL-BUG,1,0
471,22745,TREAT-ICE,5,137
471,22781,OTHER,7,4
471,23443,OTHER,3,23
471,23923,OTHER,3,0
471,24187,PLACE-OTHER,2,9
471,24673,PERSON-RELATIVE,1,0
471,NA,NA,1,0
519,20918,YES,8,73
519,20919,GO OUTSIDE,30,20
519,20920,PLAY-ALL,4,31
519,20921,ALL DONE,10,11
519,20922,TOY-OTHER,25,76
519,20923,LOVE YOU,18,18
519,20924,PERSON-PARENT,6,12
519,20925,OWN NAME,6,15
519,20926,WANT,26,39
519,20927,TOY-BONE,26,12
519,20928,INTERROGATIVE/QUESTION,18,62
519,20929,GO TO BED,13,14
519,20930,FOOD,33,38
519,21142,BODY PART,6,10
519,21143,HELP,5,3
519,24168,SCRITCHES,1,5
522,5024,ALL DONE,70,113
522,5025,PERSON-PARENT,96,7
522,5026,TOY-BALL,1,19
522,5027,OWN NAME,123,20
522,5028,BYE,49,12
522,5029,PLACE-OTHER,16,34
522,5030,CUDDLE,23,27
522,5031,TOY-OTHER,12,32
522,5032,HI,25,8
522,5033,INTERROGATIVE/QUESTION,18,0
522,5034,HOME,72,79
522,5035,GO INSIDE,71,47
522,5036,LATER,15,41
522,5037,NO,7,2
522,5038,NOW,68,49
522,5039,BEGIN TRAINING SESSION,2,3
522,5040,OUTDOOR LOCATION-BACK YARD,79,162
522,5041,PLAY-ALL,14,16
522,5043,PERSON-PARENT,21,13
522,5044,SETTLE,18,4
522,5045,OTHER,7,34
522,5046,POTTY,53,8
522,5047,TRICK-OTHER,10,3
522,5048,TRICK-OTHER,9,5
522,5049,TOY-OTHER,18,30
522,5050,WANT,38,3
522,5052,INTERROGATIVE/QUESTION,18,0
522,5053,PLACE-OTHER,4,1
522,5054,YES,12,1
574,18539,GO OUTSIDE,14,40
574,18540,POTTY,6,30
574,18541,HELP,3,20
574,18542,PLAY-ALL,33,22
574,18543,SCRITCHES,10,24
574,18544,TOY-BALL,12,20
574,18545,TOY-OTHER,9,8
574,18546,TOY-PUZZLE,3,16
574,18547,OUTDOOR LOCATION-FRONT YARD,3,11
574,18548,OUTDOOR LOCATION-BACK YARD,6,19
574,18549,ALL DONE,28,18
574,18551,NO,9,31
574,18552,YES,37,32
574,18900,PERSON-PARENT,24,29
574,18901,PERSON-PARENT,9,25
574,18902,OWN NAME,30,12
574,18903,PERSON-STRANGER,17,9
574,19413,TOY-BONE,14,6
574,19551,ANIMAL-CAT,4,4
574,19552,PLAY-HIDE & SEEK,3,5
615,17297,YES,9,22
615,17298,WATER,4,30
615,17438,PERSON-PARENT,6,29
615,17440,ANIMAL-FRIEND,2,3
615,17441,NO,11,8
615,17442,LOVE YOU,6,19
615,17443,OTHER,5,25
615,17444,FOOD,9,155
615,17446,TREAT-ALL,13,255
615,17448,PLACE-PARK,8,110
615,17449,LET'S GO,3,48
615,17450,GO OUTSIDE,18,228
615,17451,PEE,5,116
615,17452,OTHER,2,44
615,17453,TOY-BALL,1,19
615,17454,INTERROGATIVE/QUESTION,20,64
615,17455,PLAY-ALL,4,38
615,17456,ALL DONE,8,35
615,17457,HAPPY,8,10
615,17458,WATER,4,75
615,17459,ANIMAL-CAT,5,10
615,17460,MORE,5,89
615,17461,WANT,17,42
615,17462,LATER,6,4
615,17463,OWN NAME,14,22
615,17496,WALK,1,22
615,17499,GO TO BED,1,63
615,17602,ANIMAL-FRIEND,2,7
615,18123,OTHER,1,14
615,18905,NOW,5,2
615,19171,OTHER,3,64
615,19517,INDOOR LOCATION-OTHER,6,5
615,21999,OTHER,4,0
615,24247,PLACE-OTHER,5,37
615,24885,PERSON-SIBLING,2,0
686,5117,ALL DONE,20,119
686,5118,TOY-BALL,3,57
686,5119,OWN NAME,28,25
686,5120,INDOOR LOCATION-BEDROOM,2,77
686,5121,PLACE-OTHER,6,120
686,5122,FOOD,21,210
686,5124,BYE,3,31
686,5125,RIDE,4,63
686,5126,TEMPERATURE-COLD,2,3
686,5127,COME,1,53
686,5128,CONCERNED,3,45
686,5129,PERSON-PARENT,8,19
686,5131,FOOD,24,461
686,5134,TREAT-ICE,3,701
686,5135,ANIMAL-FRIEND,2,46
686,5139,HI,1,25
686,5140,HELP,1,61
686,5142,INTERROGATIVE/QUESTION,30,45
686,5143,HOME,6,34
686,5144,TEMPERATURE-HOT,3,6
686,5145,FOOD,2,761
686,5146,GO INSIDE,2,147
686,5147,ANIMAL-CAT,11,37
686,5148,LATER,8,97
686,5150,LOVE YOU,7,59
686,5152,PERSON-PARENT,9,38
686,5153,MORE,9,411
686,5154,PERSON-ROOMMATE,4,15
686,5155,NO,6,238
686,5156,NOW,14,75
686,5157,YES,10,255
686,5159,GO OUTSIDE,28,963
686,5160,TOY-STUFFED ANIMAL,2,10
686,5161,PLAY-ALL,4,51
686,5163,POTTY,6,83
686,5164,OTHER,3,7
686,5167,OTHER,1,8
686,5168,CUDDLE,1,31
686,5169,ANIMAL-SQUIRREL,4,19
686,5170,PERSON-STRANGER,5,32
686,5171,TREAT-ALL,29,2298
686,5173,INDOOR LOCATION-UPSTAIRS,1,30
686,5176,WALK,16,987
686,5177,WANT,44,99
686,5178,WATER,4,222
686,5179,INTERROGATIVE/QUESTION,12,26
686,5180,INTERROGATIVE/QUESTION,1,11
686,5181,INTERROGATIVE/QUESTION,2,45
686,5182,INTERROGATIVE/QUESTION,4,39
686,5185,YES,9,1002
686,5186,ANIMAL-DOG,3,5
686,16608,OTHER,5,4
686,23816,LET'S GO,1,0
715,17002,WALK,460,191
715,17003,PLAY-ALL,201,83
715,17004,WATER,167,206
715,17005,LOVE YOU,128,92
715,17006,ALL DONE,300,97
715,17007,FOOD,416,362
715,17008,COME,116,72
715,17641,GO OUTSIDE,185,65
715,18277,SETTLE,123,32
715,18278,TOY-PUZZLE,56,42
715,18649,NOW,383,244
715,18650,LATER,74,33
715,19110,OWN NAME,451,19
715,19111,PERSON-PARENT,204,4
715,19843,WANT,221,9
715,19844,MORE,49,4
715,20888,OTHER,20,2
715,20889,OTHER,9,0
715,21026,INTERROGATIVE/QUESTION,14,4
715,21027,TOY-OTHER,21,1
715,21028,TOY-OTHER,42,0
715,21029,TOY-BONE,37,86
715,21653,INTERROGATIVE/QUESTION,26,4
715,21654,INTERROGATIVE/QUESTION,67,9
715,21859,YES,93,4
715,21860,NO,53,14
715,22912,INDOOR LOCATION-BEDROOM,48,0
715,22913,INDOOR LOCATION-OTHER,14,0
715,23218,HAPPY,25,1
715,23219,MAD,19,1
715,23220,CONCERNED,12,1
715,24074,OTHER,21,34
715,24075,OTHER,11,3
715,24076,OTHER,19,4
746,11564,WALK,18,14
746,11565,GO OUTSIDE,126,8
746,11566,PLAY-ALL,46,86
746,11567,BEGIN TRAINING SESSION,63,57
746,17777,WATER,13,3
746,17778,TREAT-ICE,5,3
746,17779,LOVE YOU,38,27
746,17780,PERSON-PARENT,33,53
746,17781,PERSON-PARENT,6,45
746,17782,PERSON-RELATIVE,1,7
746,17783,ALL DONE,68,6
746,19514,OWN NAME,104,11
746,19515,FOOD,67,1
746,22720,YES,10,0
746,22721,NO,2,6
767,9285,NA,25,18
767,10771,FOOD,9,87
767,10772,WATER,4,56
767,16952,OUTDOOR LOCATION-BACK YARD,28,208
767,16953,PLAY-ALL,19,158
767,16954,LOVE YOU,11,212
767,16955,GO INSIDE,17,68
767,16956,COME,2,92
767,16957,WAIT,20,30
767,16958,NOW,22,124
767,16959,ANIMAL-CAT,7,71
767,16960,PERSON-PARENT,22,175
767,16961,PERSON-PARENT,21,134
767,16962,PERSON-SIBLING,9,115
767,16963,OWN NAME,47,120
767,16964,ALL DONE,23,26
767,16965,TREAT-ALL,9,33
767,16966,WANT,14,75
767,16967,TOY-OTHER,7,57
767,17533,YES,34,49
767,17534,NO,20,54
767,18195,RIDE,13,31
767,18196,FOOD,14,47
767,18476,BEGIN TRAINING SESSION,5,30
767,18477,SCRITCHES,7,44
767,19266,POTTY,5,32
767,19267,POTTY,1,4
767,19309,PLACE-OTHER,16,6
767,19310,HOME,10,26
767,19446,WALK,4,21
767,19456,GO TO BED,8,14
767,19550,TREAT-ALL,5,8
767,19612,TOY-BONE,6,25
767,19799,HI,1,12
767,19800,BYE,1,7
767,19803,PERSON-RELATIVE,6,10
767,19855,INTERROGATIVE/QUESTION,8,4
767,19975,OTHER,9,8
767,20726,TOY-BALL,7,5
767,21495,PLACE-OTHER,1,0
767,NA,NA,1,1
788,20137,GO OUTSIDE,35,207
788,20138,PLAY-ALL,18,96
788,20139,ALL DONE,31,4
788,20140,TOY-OTHER,3,86
788,20141,LATER,20,9
788,20142,NOW,6,19
788,20143,WANT,7,61
788,20144,TREAT-ICE,3,0
788,20145,INDOOR LOCATION-UPSTAIRS,26,38
788,20146,ANIMAL-DOG,8,9
788,20147,PERSON-FRIEND,7,67
788,20149,FOOD,4,24
788,20150,SCRITCHES,5,28
788,20151,LET'S GO,19,0
788,20152,HAPPY,1,4
788,20153,SAD,1,4
788,20154,ANIMAL-FRIEND,9,12
788,20155,PERSON-FRIEND,5,29
788,20156,HELP,4,15
788,20157,PERSON-FRIEND,24,100
788,20158,OWN NAME,30,9
788,20160,OTHER,13,27
788,20161,NO,14,33
788,20162,YES,12,77
788,20163,LOOK,7,2
788,20164,OTHER,10,42
788,21062,LOVE YOU,2,0
814,16465,GO OUTSIDE,70,245
814,16466,BYE,4,0
814,16467,PERSON-PARENT,3,11
814,16468,ANIMAL-SQUIRREL,2,1
814,16469,OTHER,5,1
814,16470,ALL DONE,43,34
814,16471,SCRITCHES,16,34
814,16492,WATER,18,24
814,18950,WANT,39,5
814,18951,TOY-BALL,1,3
814,25634,PERSON-STRANGER,1,0
1061,20813,GO OUTSIDE,169,47
1061,20814,PLAY-ALL,40,114
1061,20815,PLAY-TUG,79,52
1061,20816,CUDDLE,27,53
1061,20836,WATER,26,35
1061,21400,ALL DONE,161,69
1061,21401,WALK,35,18
1061,21402,POTTY,84,46
1061,21403,POOP,20,53
1061,22567,CONCERNED,10,66
1061,22568,MAD,6,40
1061,22569,HAPPY,10,56
1061,23272,PERSON-PARENT,33,37
1061,23273,OWN NAME,75,46
1061,23274,TOY-STUFFED ANIMAL,7,11
1061,23275,HELP,10,42
1061,24044,LOVE YOU,8,36
1061,24045,FOOD,33,63
1061,24046,YES,22,22
1061,24047,NO,1,22
1061,25205,WANT,20,10
1061,25206,OTHER,3,3
1061,25207,OTHER,3,5
1061,25208,OTHER,2,3
1061,25211,SCRITCHES,7,2
1061,25212,BODY PART,7,1
1090,5348,SCRITCHES,19,53
1090,5349,OTHER,18,12
1090,5351,TOY-OTHER,1,109
1090,5352,ANIMAL-CAT,112,15
1090,5353,MAD,15,2
1090,5354,LAP,17,5
1090,5356,GO OUTSIDE,118,513
1090,5359,FOOD,52,200
1090,5361,OTHER,16,0
1090,5362,HI,9,66
1090,5364,TOY-OTHER,3,9
1090,5365,TREAT-ICE,1,67
1090,5366,ALL DONE,98,18
1090,5367,TOY-OTHER,1,100
1090,5368,COME,11,560
1090,5369,PERSON-PARENT,83,460
1090,5372,FOOD,13,0
1090,5374,YES,8,2
1090,5376,INDOOR LOCATION-DOWNSTAIRS,10,6
1090,5378,POTTY,8,16
1090,5379,POOP,4,25
1090,5380,TREAT-ALL,36,112
1090,5381,PLAY-ALL,39,535
1090,5382,OTHER,29,3
1090,5383,PERSON-PARENT,22,91
1090,5384,INTERROGATIVE/QUESTION,10,0
1090,5386,WANT,58,124
1090,5387,OWN NAME,11,129
1090,10971,PERSON-STRANGER,8,0
1090,10978,OTHER,19,0
1090,10981,NO,30,2
1090,10995,SAD,15,0
1090,15966,OUTDOOR LOCATION-OTHER,23,5
1090,15967,LOOK,10,0
1090,15968,GO INSIDE,42,2
1090,15989,OTHER,14,0
1090,15993,SETTLE,1,0
1090,16320,OTHER,44,0
1090,16333,BYE,30,0
1090,16505,HAPPY,10,2
1090,16592,ANIMAL-OTHER,47,1
1090,17520,OTHER,30,1
1090,17568,TOY-PUZZLE,19,0
1090,18044,CONCERNED,3,0
1090,18045,OTHER,4,0
1090,18046,OTHER,1,0
1090,18496,OTHER,8,0
1090,18933,OTHER,8,0
1090,19112,OTHER,7,0
1090,19466,OTHER,6,0
1090,20230,BODY PART,1,0
1090,20231,OTHER,6,0
1090,20642,ANIMAL-BIRD,7,0
1090,21678,TOY-OTHER,6,0
1090,22252,OTHER,9,0
1090,22414,TOY-PUZZLE,7,0
1090,22462,OTHER,6,0
1090,23799,HELP,5,0
1090,26176,OTHER,2,0
1109,16882,TOY-OTHER,22,31
1109,16894,PLAY-ALL,9,17
1109,17018,GO OUTSIDE,8,22
1109,17019,PLACE-OTHER,3,9
1109,17022,WALK,7,10
1109,17023,POOP,2,4
1109,17024,NOW,9,31
1109,17025,LATER,12,7
1109,17026,ALL DONE,16,16
1109,17027,SETTLE,9,11
1109,17028,WATER,2,11
1109,17029,FOOD,28,30
1109,17030,OWN NAME,28,26
1109,17031,PERSON-PARENT,27,15
1109,17032,PERSON-PARENT,10,20
1109,17033,COME,4,24
1109,17034,HELP,17,44
1109,17088,POTTY,13,9
1109,18295,WANT,1,0
1109,18808,OK,1,0
1168,19961,GO OUTSIDE,31,175
1168,19962,PLAY-ALL,38,196
1168,19963,ALL DONE,42,105
1168,19964,TOY-PUZZLE,38,200
1168,19965,PLAY-TUG,9,160
1168,19966,OWN NAME,83,174
1168,19967,PERSON-PARENT,41,91
1168,19968,PERSON-PARENT,11,209
1168,19969,WATER,22,28
1168,19970,LOVE YOU,11,132
1168,19971,TOY-BALL,24,123
1168,22436,HELP,6,28
1168,22437,WANT,23,77
1168,22438,WALK,13,77
1168,22439,ANIMAL-FRIEND,5,56
1168,25394,LOOK,5,4
1168,25427,SETTLE,12,6
1168,25429,BEGIN TRAINING SESSION,1,1
1203,19495,GO OUTSIDE,15,790
1203,19496,FOOD,101,315
1203,19497,WATER,50,6
1203,19498,ALL DONE,15,4
1203,19499,OTHER,99,1
1203,19500,OTHER,3,3
1203,20649,PLAY-ALL,5,0
1357,21030,NA,1,16
1364,5466,ALL DONE,2,22
1364,5468,COME,1,1
1364,5471,FOOD,12,100
1364,5472,TREAT-ICE,2,15
1364,5473,LATER,1,7
1364,5479,OUTDOOR LOCATION-OTHER,4,164
1364,5480,GO OUTSIDE,6,154
1364,5481,PLAY-ALL,29,144
1364,5485,WALK,1,40
1364,5486,WANT,8,10
1364,11125,ALL DONE,115,29
1364,11126,GO TO BED,37,29
1364,11128,OWN NAME,294,20
1364,11129,COME,91,91
1364,11131,CUDDLE,31,36
1364,11132,PERSON-PARENT,49,13
1364,11134,PLAY-HIDE & SEEK,49,37
1364,11135,FOOD,148,210
1364,11137,HAPPY,35,42
1364,11138,TREAT-ICE,26,69
1364,11139,LATER,160,31
1364,11140,LOOK,26,37
1364,11141,LOVE YOU,29,19
1364,11142,ANIMAL-DOG,5,12
1364,11143,PERSON-PARENT,185,24
1364,11144,MORE,58,57
1364,11145,NO,46,21
1364,11146,NOW,333,71
1364,11147,OK,274,73
1364,11149,OUTDOOR LOCATION-OTHER,139,492
1364,11150,PEE,42,46
1364,11152,SETTLE,61,24
1364,11154,OTHER,105,35
1364,11156,TREAT-ALL,71,207
1364,11157,BEGIN TRAINING SESSION,52,83
1364,11158,WALK,103,63
1364,11159,WANT,209,14
1364,11160,INTERROGATIVE/QUESTION,228,6
1364,11161,INTERROGATIVE/QUESTION,43,10
1364,11163,YES,274,44
1364,16083,CONCERNED,4,42
1364,16600,TOY-PUZZLE,115,275
1364,16614,HELP,64,90
1364,16615,ANIMAL-OTHER,22,9
1364,16745,OTHER,115,35
1364,16746,PERSON-RELATIVE,17,17
1364,16747,PERSON-RELATIVE,19,31
1364,16748,INTERROGATIVE/QUESTION,284,17
1364,16749,PERSON-RELATIVE,3,12
1364,16750,BRUSH,112,53
1364,16751,OTHER,19,43
1364,16752,OTHER,16,9
1364,16781,WATER,42,69
1364,17482,PLAY-ALL,90,133
1364,18181,TRICK-GIVE PAW,12,38
1364,18182,BODY PART,19,10
1364,18185,BODY PART,25,20
1364,19765,LET'S GO,146,25
1364,19766,POOP,28,85
1364,19767,OTHER,27,17
1364,19768,OTHER,4,12
1364,21396,PLACE-PARK,26,14
1364,21398,TREAT-ALL,95,276
1364,21399,SCRITCHES,53,34
1364,23057,OTHER,8,3
1364,24791,OUTDOOR LOCATION-PORCH,33,6
1364,25832,PLACE-SOMEONE ELSE'S HOUSE,3,0
1435,22237,TOY-STUFFED ANIMAL,29,61
1435,22238,TOY-BALL,9,59
1435,22239,TOY-STUFFED ANIMAL,32,67
1435,22240,PERSON-PARENT,6,11
1435,22241,PERSON-SIBLING,8,13
1435,22242,ANIMAL-CAT,12,10
1435,22243,COME,6,10
1435,22244,WANT,47,20
1435,22245,WATER,10,19
1435,22246,ALL DONE,26,4
1435,22247,OWN NAME,43,17
1435,22248,OTHER,53,17
1435,22249,TOY-OTHER,30,21
1435,22522,PERSON-PARENT,2,2
1540,5606,ALL DONE,10,59
1540,5607,TOY-BALL,1,51
1540,5608,COME,7,140
1540,5609,PERSON-PARENT,3,28
1540,5610,FOOD,3,300
1540,5611,OWN NAME,9,39
1540,5612,ANIMAL-DOG,3,44
1540,5613,LOOK,2,100
1540,5614,PERSON-PARENT,17,24
1540,5615,NO,3,65
1540,5617,GO OUTSIDE,15,253
1540,5618,PLAY-ALL,10,86
1540,5619,POTTY,1,443
1540,5621,YES,18,104
1540,11357,HAPPY,2,50
1540,11358,HELP,2,141
1540,11361,LATER,6,65
1540,11364,LOVE YOU,2,12
1540,11367,NOW,32,50
1540,11370,PERSON-SIBLING,2,64
1540,11374,TREAT-ICE,12,359
1540,16323,BEGIN TRAINING SESSION,10,152
1540,16429,MORE,6,33
1540,16539,GO INSIDE,5,58
1540,16568,HI,4,24
1540,16569,BYE,5,103
1540,16789,TOY-PUZZLE,6,106
1540,21238,FOOD,18,48
1540,22525,TOY-OTHER,2,46
1540,24179,OTHER,3,4
1633,19741,ALL DONE,123,16
1633,19742,PEE,123,57
1633,19743,WALK,93,27
1633,19744,TOY-OTHER,109,39
1633,19745,PLAY-ALL,192,39
1633,19746,TOY-BALL,121,43
1633,19778,WATER,59,41
1652,11515,POTTY,278,6
1652,17186,WALK,73,5
1652,17278,TREAT-ALL,395,52
1652,19772,TOY-PUZZLE,97,38
1652,19773,MORE,157,26
1652,19774,HELP,18,33
1652,19775,ALL DONE,151,29
1652,21327,CUDDLE,34,11
1652,21328,TOY-STUFFED ANIMAL,2,0
1652,21380,PLAY-ALL,8,10
1652,21574,OTHER,5,6
1652,21575,FOOD,21,9
1652,22378,OTHER,2,1
1652,22379,PERSON-OTHER,1,3
1652,22380,LOVE YOU,3,2
1652,NA,NA,1,1
1656,21864,HELP,17,52
1656,21865,PERSON-PARENT,45,40
1656,21866,SETTLE,13,55
1656,21867,TOY-BALL,34,48
1656,21869,PERSON-PARENT,17,19
1656,21870,PLAY-ALL,60,90
1656,21871,OWN NAME,133,84
1656,21872,ANIMAL-CAT,12,18
1656,21873,OTHER,9,46
1656,21875,FOOD,17,73
1656,21876,OTHER,23,41
1656,21877,WANT,75,110
1656,21878,ALL DONE,37,21
1656,21879,TREAT-ALL,26,113
1656,21880,OTHER,24,37
1656,21881,OTHER,74,43
1656,21882,LATER,39,30
1656,21883,SCRITCHES,11,71
1656,21884,OTHER,8,68
1656,21885,WATER,3,41
1656,21886,NO,8,24
1656,21887,OUTDOOR LOCATION-OTHER,25,25
1656,22387,KISS,4,21
1656,22388,OTHER,12,29
1656,22389,OTHER,7,28
1656,22459,TREAT-ALL,8,124
1656,22502,OTHER,13,24
1656,22916,OTHER,5,26
1656,23251,ANIMAL-CAT,7,25
1656,23252,OTHER,61,38
1656,23362,WALK,51,31
1656,24028,YES,146,37
1656,24771,WAIT,9,8
1656,24772,PEE,8,9
1656,24773,POOP,1,0
1656,24866,POTTY,159,267
1656,24868,HI,9,40
1656,25226,COME,6,6
1656,25315,LET'S GO,54,18
1656,25713,TREAT-ALL,4,19
1656,26195,TOY-STUFFED ANIMAL,2,1
1656,26196,TOY-STUFFED ANIMAL,5,1
1701,11523,ALL DONE,58,255
1701,11524,PERSON-RELATIVE,84,164
1701,11525,TOY-BALL,63,399
1701,11526,WALK,50,318
1701,11527,OWN NAME,423,131
1701,11528,BYE,53,215
1701,11529,COME,22,256
1701,11530,CUDDLE,6,275
1701,11531,PERSON-RELATIVE,49,160
1701,11532,HELP,27,435
1701,11533,FOOD,62,238
1701,11534,GO INSIDE,22,141
1701,11535,LATER,69,254
1701,11536,PERSON-PARENT,245,312
1701,11537,LOVE YOU,92,137
1701,11538,NOW,244,423
1701,11540,GO OUTSIDE,89,325
1701,11542,PLAY-ALL,126,408
1701,11543,TOY-PUZZLE,86,364
1701,11544,OTHER,35,259
1701,11545,WATER,8,248
1701,11547,TREAT-ICE,115,272
1701,11548,PLAY-TUG,26,432
1701,11549,INDOOR LOCATION-UPSTAIRS,25,158
1701,11550,WANT,126,77
1701,11551,INTERROGATIVE/QUESTION,16,69
1701,16137,BEGIN TRAINING SESSION,34,270
1701,16287,FOOD,54,258
1701,16288,FOOD,30,348
1701,16289,OTHER,47,130
1701,16290,INTERROGATIVE/QUESTION,60,52
1701,16291,FOOD,36,200
1701,16292,FOOD,51,228
1701,16293,INDOOR LOCATION-KITCHEN,16,223
1701,16294,INDOOR LOCATION-BEDROOM,64,214
1701,16295,TREAT-ALL,62,390
1701,16296,OTHER,67,480
1701,16457,MORE,41,92
1701,16497,OTHER,74,158
1701,16603,OTHER,34,59
1701,16640,OTHER,7,35
1701,16792,HOME,49,97
1701,17177,FOOD,2,51
1701,17432,OTHER,1,4
1701,17703,INDOOR LOCATION-DOWNSTAIRS,24,23
1701,18495,LET'S GO,68,32
1701,18882,OTHER,87,82
1701,18897,OTHER,12,42
1701,18919,FOOD,37,171
1701,19217,TOY-OTHER,6,44
1701,19536,OTHER,11,28
1701,19779,FOOD,11,6
1701,19780,WATER,12,23
1701,22302,OTHER,1,1
1701,22303,YES,1,2
1701,26117,NA,1,0
1701,26121,NA,2,9
1701,NA,NA,3,3
1747,19756,POTTY,391,54
1747,19757,PLAY-ALL,246,58
1747,19758,SCRITCHES,320,29
1747,19759,ALL DONE,374,4
1747,20495,BEGIN TRAINING SESSION,156,24
1747,22383,TREAT-ALL,79,72
1747,24029,OUTDOOR LOCATION-OTHER,5,0
1797,21213,OUTDOOR LOCATION-BACK YARD,26,28
1797,21214,WALK,36,10
1797,21215,POTTY,81,37
1797,21783,TREAT-ALL,31,109
1797,23049,PLAY-ALL,25,21
1797,23050,LAP,18,15
1797,24849,FOOD,22,14
1932,5893,ALL DONE,3,1
1932,5897,LET'S GO,4,86
1932,5900,HELP,2,39
1932,5904,BEGIN TRAINING SESSION,6,404
1932,5907,PERSON-PARENT,12,62
1932,5912,PLAY-ALL,2,65
1932,11789,TOY-BALL,2,52
1932,11791,PERSON-OTHER,4,15
1932,11792,MAD,1,13
1932,11795,OTHER,9,5
1932,11796,HELP,2,17
1932,11798,INTERROGATIVE/QUESTION,12,5
1932,11799,LOVE YOU,8,9
1932,11805,OTHER,3,3
1932,11807,NOW,26,3
1932,11809,GO OUTSIDE,17,20
1932,11811,OWN NAME,27,86
1932,11814,POTTY,3,240
1932,11815,TOY-PUZZLE,1,119
1932,11816,OTHER,7,53
1932,11817,SETTLE,5,73
1932,11821,OTHER,17,20
1932,11822,TOY-PUZZLE,1,1
1932,11823,WALK,8,36
1932,11824,WANT,7,1
1932,11825,WATER,1,51
1932,11826,OTHER,11,9
1932,11827,INTERROGATIVE/QUESTION,6,4
1932,11828,YES,3,11
1932,16170,HI,3,7
1932,16171,INTERROGATIVE/QUESTION,2,7
1932,20370,ALL DONE,12,132
1932,20481,OTHER,8,7
1932,20482,OTHER,3,2
1932,20484,TOY-STUFFED ANIMAL,1,86
1932,20487,OTHER,4,6
1932,20489,OTHER,21,12
1932,20491,CUDDLE,2,30
1932,20492,ANIMAL-SQUIRREL,1,23
1932,20648,OTHER,12,5
1932,22524,OTHER,1,134
1941,11838,PLAY-ALL,11,17
1941,18051,HELP,18,41
1941,18052,PERSON-PARENT,51,204
1941,18053,OWN NAME,61,145
1941,18054,NOW,36,45
1941,18055,LATER,7,20
1941,18056,ALL DONE,5,38
1941,18057,TOY-OTHER,14,54
1941,18058,SCRITCHES,22,86
1941,18060,TOY-BALL,1,16
1941,18061,GO OUTSIDE,66,281
1941,18140,COME,8,17
1941,19755,WATER,5,19
1941,20250,OTHER,6,26
1941,20251,HOME,10,30
1941,21088,OTHER,19,19
1941,21089,OTHER,9,74
1941,21090,WANT,19,17
1941,22034,YES,5,2
1941,22035,NO,1,10
1941,22463,PERSON-STRANGER,1,16
1941,22464,ANIMAL-DOG,2,0
1957,20680,OUTDOOR LOCATION-BACK YARD,40,29
1957,20681,TREAT-ALL,42,211
1957,20682,RIDE,4,19
1957,20683,WATER,5,77
1957,20684,FOOD,31,120
1957,20685,PERSON-PARENT,10,57
1957,20686,LOVE YOU,6,22
1957,20687,TOY-STUFFED ANIMAL,45,148
1957,20688,YES,7,59
1957,20689,NO,1,28
1957,20690,POTTY,49,81
1957,20691,CRATE,4,18
1957,20692,INDOOR LOCATION-BEDROOM,10,36
1957,20693,CUDDLE,8,47
1957,20694,WANT,56,61
1957,20695,ALL DONE,4,116
1957,22080,PLAY-ALL,4,71
1957,22329,OWN NAME,16,10
1957,22330,ANIMAL-FRIEND,11,3
1957,23814,NOW,9,42
1957,23815,LATER,10,13
1957,NA,NA,1,0
1995,11898,FOOD,18,5
1995,11900,PLAY-ALL,138,93
1995,11901,TREAT-ALL,15,32
1995,11902,OTHER,1,14
1995,11903,WATER,8,4
1995,16368,HELP,6,2
1995,16369,BEGIN TRAINING SESSION,22,30
1995,16370,GO OUTSIDE,80,64
1995,16371,ALL DONE,88,28
1995,16372,SCRITCHES,18,11
1995,16493,NOW,102,47
1995,16494,OTHER,33,25
1995,16495,LATER,75,26
1995,16642,FIND,24,20
1995,16804,TOY-PUZZLE,12,13
1995,17468,PLAY-FETCH,6,6
1995,NA,NA,38,2
2096,11946,FOOD,41,4
2096,11947,GO OUTSIDE,56,66
2096,11948,PLAY-ALL,4,0
2096,11949,WALK,9,5
2096,20308,ALL DONE,5,11
2096,20310,GO TO BED,14,15
2096,20311,OTHER,14,3
2096,20312,TREAT-ALL,5,15
2096,20313,FOOD,17,6
2096,20314,FOOD,31,10
2096,20315,HELP,6,7
2096,20316,CUDDLE,2,2
2096,20317,SCRITCHES,3,1
2096,20319,PERSON-PARENT,6,1
2096,20320,PERSON-FRIEND,2,1
2096,20321,YES,3,17
2096,20322,NO,5,6
2096,20323,OTHER,12,2
2096,20324,LOVE YOU,7,0
2096,20325,NOW,4,0
2096,20326,LATER,5,2
2096,20327,COME,7,5
2096,20698,OTHER,5,6
2096,20699,PLACE-DAYCARE,3,5
2206,12056,FOOD,110,464
2206,12058,POTTY,437,864
2206,12059,PLAY-ALL,118,468
2206,16201,HELP,23,131
2206,16202,OTHER,46,122
2206,17518,ALL DONE,504,186
2206,17630,INDOOR LOCATION-UPSTAIRS,50,55
2206,19804,LOVE YOU,3,60
2206,NA,NA,4,0
2256,12139,COME,35,132
2256,12140,TOY-FRISBEE,36,146
2256,12141,FOOD,60,161
2256,12142,GO OUTSIDE,72,123
2256,12143,PLAY-ALL,56,92
2256,12144,POTTY,28,120
2256,12145,RIDE,37,97
2256,12146,WALK,129,98
2256,12147,WANT,169,159
2256,16179,YES,38,114
2256,16181,PERSON-PARENT,92,251
2256,16182,OWN NAME,246,97
2256,16183,PERSON-PARENT,65,201
2256,16184,CUDDLE,22,109
2256,16185,TOY-OTHER,65,219
2256,16186,MORE,22,127
2256,16187,ALL DONE,103,50
2256,16188,LOVE YOU,58,71
2256,16189,PERSON-FRIEND,7,67
2256,16190,OK,5,20
2256,16191,CONCERNED,6,48
2256,16331,PLACE-PARK,60,168
2256,16482,BYE,29,34
2256,16542,NOW,14,4
2256,16543,LATER,14,2
2256,16593,HOME,22,73
2256,16594,PLAY-TUG,30,51
2256,17635,OTHER,46,15
2256,17636,INTERROGATIVE/QUESTION,119,20
2256,18105,BEGIN TRAINING SESSION,21,67
2256,18528,TOY-PUZZLE,47,84
2256,20042,HELP,6,24
2256,20048,TOY-BALL,21,68
2256,23095,POOP,6,30
2256,23203,LET'S GO,24,22
2261,4036,NA,6,106
2261,6119,ALL DONE,399,172
2261,6120,TOY-BONE,101,86
2261,6121,PLAY-ALL,182,296
2261,6122,FOOD,545,123
2261,6123,HELP,121,335
2261,6124,OTHER,46,289
2261,6125,LOVE YOU,53,36
2261,6126,MORE,143,138
2261,6127,GO OUTSIDE,214,205
2261,6128,PLAY-ALL,277,360
2261,6129,TOY-OTHER,96,262
2261,6130,PLAY-ALL,87,253
2261,6131,WANT,187,34
2261,6133,INTERROGATIVE/QUESTION,147,31
2261,6134,PLAY-ALL,16,199
2261,12149,TOY-BALL,53,180
2261,12150,GO TO BED,15,52
2261,12151,ANIMAL-BUG,10,18
2261,12153,COME,87,197
2261,12154,CONCERNED,39,129
2261,12155,PERSON-OTHER,57,60
2261,12156,OTHER,70,121
2261,12158,ANIMAL-OTHER,19,19
2261,12160,PERSON-FRIEND,29,50
2261,12161,OTHER,307,126
2261,12162,BYE,55,29
2261,12163,ANIMAL-DOG,191,36
2261,12164,HAPPY,82,79
2261,12165,HI,32,50
2261,12168,GO INSIDE,107,165
2261,12169,PERSON-PARENT,365,122
2261,12170,LATER,150,127
2261,12171,LOOK,90,275
2261,12174,NO,70,19
2261,12175,OTHER,59,129
2261,12176,NOW,700,169
2261,12177,OK,161,40
2261,12178,OTHER,27,122
2261,12181,INDOOR LOCATION-OTHER,21,70
2261,12183,POOP,43,266
2261,12184,ANIMAL-CAT,88,117
2261,12185,OTHER,72,149
2261,12186,RIDE,90,172
2261,12187,OTHER,41,111
2261,12188,SCRITCHES,28,195
2261,12189,SETTLE,184,162
2261,12190,OTHER,35,59
2261,12192,GO TO BED,107,132
2261,12193,INDOOR LOCATION-OTHER,56,131
2261,12194,OTHER,185,119
2261,12195,OTHER,169,102
2261,12196,PERSON-STRANGER,17,11
2261,12197,OTHER,62,30
2261,12198,BEGIN TRAINING SESSION,63,103
2261,12200,OWN NAME,726,165
2261,12201,WALK,90,153
2261,12203,WATER,102,217
2261,12205,LOOK,46,77
2261,12206,PLACE-OTHER,60,119
2261,12208,YES,247,46
2261,17190,ANIMAL-OTHER,10,42
2261,17191,OTHER,38,31
2261,17192,OTHER,110,18
2261,17193,OTHER,54,36
2261,17194,MAD,28,178
2261,17211,OTHER,78,228
2261,19857,PLACE-OTHER,15,137
2261,21279,INTERROGATIVE/QUESTION,318,22
2261,21280,OTHER,136,83
2261,21281,OTHER,171,65
2261,21675,ANIMAL-BIRD,10,10
2261,21914,TOY-PUZZLE,68,47
2261,21959,OTHER,126,97
2261,22280,BODY PART,105,135
2261,22281,BODY PART,56,116
2261,22418,OTHER,80,89
2261,22843,OTHER,58,15
2261,22844,PLACE-OTHER,78,113
2261,23944,OUTDOOR LOCATION-FRONT YARD,22,28
2261,24032,ANIMAL-RABBIT,13,22
2261,24330,FOOD,109,58
2261,25357,OTHER,15,37
2261,25358,OTHER,18,4
2261,25361,ANIMAL-CAT,18,4
2261,25796,PLACE-OTHER,29,5
2261,25878,OTHER,15,16
2261,26181,OTHER,14,13
2293,12218,GO OUTSIDE,25,95
2293,20954,PLAY-ALL,45,84
2293,20955,ALL DONE,31,2
2293,20956,BEGIN TRAINING SESSION,27,39
2293,20957,OWN NAME,60,0
2293,20958,PERSON-PARENT,38,11
2293,20959,GO TO BED,12,1
2293,20960,TOY-OTHER,1,1
2293,20962,POTTY,11,1
2293,20963,CUDDLE,5,4
2293,20964,SCRITCHES,7,1
2293,20965,NOW,19,36
2293,20966,LATER,17,10
2293,20967,WANT,16,0
2293,20968,OTHER,1,2
2293,24110,SETTLE,3,0
2293,25566,PLAY-ALL,3,0
2351,1713,NA,2,6
2351,12256,PERSON-RELATIVE,16,23
2351,12257,ALL DONE,58,58
2351,12258,TOY-BALL,11,52
2351,12259,ANIMAL-DOG,32,15
2351,12260,GO TO BED,31,78
2351,12261,RIDE,33,71
2351,12262,CUDDLE,6,27
2351,12263,BODY PART,8,42
2351,12264,FOOD,49,131
2351,12265,ANIMAL-CAT,4,4
2351,12266,HELP,8,57
2351,12267,LATER,19,27
2351,12268,LOVE YOU,1,11
2351,12269,PERSON-PARENT,21,14
2351,12270,OWN NAME,33,28
2351,12272,NO,20,38
2351,12273,NOW,54,69
2351,12275,OTHER,6,10
2351,12276,GO OUTSIDE,44,104
2351,12277,BODY PART,8,28
2351,12278,PLAY-ALL,21,62
2351,12279,POOP,10,34
2351,12280,PEE,7,35
2351,12282,SCRITCHES,11,53
2351,12283,BODY PART,20,78
2351,12284,PLAY-TUG,30,125
2351,12285,WALK,17,71
2351,12286,WANT,20,27
2351,12287,WATER,28,133
2351,12288,INTERROGATIVE/QUESTION,7,6
2351,12289,YES,55,77
2351,16088,OTHER,16,24
2351,16089,BYE,10,7
2351,16097,TOY-BONE,13,73
2351,16099,HOME,8,28
2351,21140,BODY PART,4,1
2351,22683,TOY-PUZZLE,1,20
2351,24561,GO OUTSIDE,1,0
2351,24562,FOOD,3,0
2444,17070,GO OUTSIDE,3,341
2444,17071,WALK,3,101
2444,17168,TOY-BONE,18,54
2444,17172,OWN NAME,29,56
2444,17173,PLAY-ALL,14,91
2444,17174,FOOD,16,85
2444,17175,ALL DONE,42,44
2444,17176,HELP,8,77
2444,17267,PLAY-TUG,18,107
2444,17532,SCRITCHES,6,72
2444,19407,TOY-PUZZLE,14,63
2444,19455,OTHER,16,80
2444,22537,CONCERNED,7,41
2444,22561,SETTLE,21,17
2444,26090,PERSON-PARENT,1,1
2454,11944,FOOD,30,19
2454,11945,GO OUTSIDE,47,37
2454,16337,TREAT-ALL,14,16
2454,16338,WALK,6,6
2454,16339,ALL DONE,14,5
2454,16341,HELP,1,8
2454,16342,MORE,4,7
2454,16343,TOY-BALL,38,12
2454,16344,PLAY-FETCH,45,23
2454,16348,LET'S GO,4,42
2454,16458,TOY-PUZZLE,8,6
2454,16459,POTTY,5,13
2454,16506,YES,16,7
2454,16507,NO,9,8
2454,16509,TOY-STUFFED ANIMAL,12,16
2454,16510,TOY-STUFFED ANIMAL,7,4
2454,16765,WATER,8,19
2454,16766,FOOD,23,26
2454,16767,RIDE,3,7
2454,16768,LOOK,2,6
2454,16787,PLAY-ALL,2,13
2454,NA,NA,1,3
2464,16973,PERSON-PARENT,58,88
2464,16974,OWN NAME,70,28
2464,16976,PLAY-ALL,2,21
2464,16977,TOY-BALL,2,21
2464,16978,TOY-STUFFED ANIMAL,3,24
2464,16979,PLACE-DAYCARE,21,15
2464,16980,SWIM,8,5
2464,16981,LOOK,1,10
2464,16982,HEEL,2,12
2464,16983,LOVE YOU,24,43
2464,16984,POTTY,5,80
2464,16987,YES,1,14
2464,16988,NO,2,9
2464,16989,WANT,10,14
2464,17037,OTHER,22,23
2464,17044,OTHER,26,24
2464,17045,BRUSH,1,6
2464,17047,ALL DONE,3,7
2464,17048,HI,7,12
2464,17049,OTHER,8,4
2464,17050,PLACE-VET,7,20
2464,17051,PLACE-OTHER,15,4
2464,17052,ANIMAL-DOG,8,45
2464,17054,INDOOR LOCATION-BEDROOM,13,36
2464,17055,HAPPY,5,21
2464,17073,OTHER,3,45
2464,17075,HUG,2,7
2464,17077,OTHER,8,4
2464,17078,RIDE,8,36
2464,18302,WATER,1,5
2464,19182,OTHER,4,6
2464,20827,OTHER,2,21
2464,23794,PERSON-RELATIVE,2,6
2464,23834,PERSON-RELATIVE,1,8
2555,1842,NA,1,18
2555,17811,MAD,34,351
2555,17812,MORE,66,240
2555,17813,HAPPY,59,213
2555,17814,ALL DONE,208,214
2555,17815,OTHER,84,170
2555,17816,YES,147,202
2555,17817,OUTDOOR LOCATION-OTHER,240,103
2555,17818,INDOOR LOCATION-BATHROOM,10,39
2555,17819,OTHER,35,116
2555,18743,TOY-STUFFED ANIMAL,2,60
2555,18744,TREAT-ALL,87,61
2555,18745,TREAT-ALL,20,35
2555,18746,OTHER,53,57
2555,18747,TOY-BALL,35,35
2555,18748,OTHER,39,51
2555,18749,OTHER,140,32
2555,18750,PLAY-ALL,128,40
2555,18751,POTTY,139,16
2555,18752,WALK,76,34
2555,18753,OTHER,72,31
2555,18755,PERSON-PARENT,211,40
2555,18756,OWN NAME,258,34
2555,18757,ANIMAL-DOG,147,21
2555,18758,ANIMAL-DOG,17,22
2555,18759,OTHER,68,36
2555,18760,HELP,14,49
2555,18761,PERSON-STRANGER,19,27
2555,18762,WANT,176,49
2555,18763,INDOOR LOCATION-OTHER,8,39
2555,18764,LOVE YOU,46,64
2555,18789,SCRITCHES,49,65
2555,19430,PERSON-FRIEND,28,36
2555,19725,HOME,103,120
2555,19726,PLACE-OTHER,72,134
2555,19760,TOY-PUZZLE,37,34
2555,22449,INDOOR LOCATION-OTHER,7,10
2683,17762,NA,1,11
2683,17763,WALK,38,197
2683,17764,OUTDOOR LOCATION-GARDEN,150,592
2683,17766,PLAY-ALL,63,217
2683,17767,CUDDLE,4,8
2683,17768,ALL DONE,91,244
2683,17769,WATER,31,206
2683,17770,FOOD,109,319
2683,17771,PERSON-PARENT,43,106
2683,17772,PERSON-PARENT,65,177
2683,17773,OWN NAME,241,165
2683,17774,HELP,38,435
2683,17775,TOY-BALL,33,246
2683,17776,PLAY-TUG,34,204
2683,18410,NOW,37,94
2683,18411,LATER,22,84
2683,18790,LOVE YOU,100,174
2683,19624,MORE,35,167
2683,19625,TOY-PUZZLE,64,126
2683,22267,OTHER,13,21
2683,22268,OUTDOOR LOCATION-OTHER,12,33
2683,22571,TOY-STUFFED ANIMAL,13,47
2683,22779,SETTLE,19,22
2683,23024,OTHER,4,29
2683,23678,OTHER,31,30
2683,24471,SWIM,8,37
2683,24964,YES,38,12
2683,24965,NO,7,18
2683,24966,INTERROGATIVE/QUESTION,15,6
2683,26272,BRUSH,6,1
2716,17535,ALL DONE,53,111
2716,17536,OTHER,15,6
2716,17537,PERSON-PARENT,38,50
2716,17538,HELP,3,11
2716,17539,POTTY,15,8
2716,17540,FOOD,31,81
2716,17541,OWN NAME,36,10
2716,17542,LATER,34,68
2716,17543,LOVE YOU,6,6
2716,17544,MAD,9,3
2716,17545,PERSON-PARENT,37,16
2716,17546,NO,11,7
2716,17547,NOW,52,45
2716,17548,OTHER,7,11
2716,17549,PLACE-PARK,23,11
2716,17550,SCRITCHES,24,24
2716,17551,PLAY-ALL,5,14
2716,17552,SETTLE,19,10
2716,17553,OTHER,24,8
2716,17554,OTHER,21,46
2716,17555,OTHER,9,8
2716,17556,WALK,27,22
2716,17557,WANT,25,90
2716,17558,YES,46,7
2716,17559,PERSON-STRANGER,8,12
2716,17596,HOME,21,21
2716,18898,OTHER,18,9
2716,19173,OTHER,1,23
2716,19384,HAPPY,37,102
2839,12618,FOOD,111,236
2839,12619,WATER,38,86
2839,16304,LOVE YOU,51,80
2839,16305,OWN NAME,239,112
2839,16306,ALL DONE,74,44
2839,16307,TOY-PUZZLE,29,9
2839,16308,HELP,26,49
2839,16309,TOY-BALL,39,37
2839,16310,WALK,186,127
2839,16311,PLAY-ALL,54,172
2839,16312,POTTY,128,126
2839,16313,PERSON-PARENT,158,347
2839,16314,PERSON-PARENT,9,78
2839,22807,OUTDOOR LOCATION-FRONT YARD,46,16
2839,22808,PLACE-PARK,3,3
2839,22809,PLACE-BEACH,19,19
2839,22810,YES,110,24
2839,22811,NO,10,10
2847,16125,WANT,620,357
2847,16126,GO OUTSIDE,501,683
2847,16127,PLAY-ALL,371,724
2847,16128,TOY-OTHER,80,152
2847,16129,WATER,125,407
2847,16131,TOY-PUZZLE,79,144
2847,16132,WALK,299,417
2847,16133,MORE,140,384
2847,16134,ALL DONE,395,294
2847,16135,HELP,33,207
2847,16136,PEE,169,258
2847,16802,LATER,204,148
2847,16803,NOW,411,119
2847,17253,OTHER,235,358
2847,22516,OWN NAME,94,45
2847,22517,PERSON-PARENT,37,120
2847,22518,ANIMAL-FRIEND,48,83
2847,24072,HOME,14,7
2847,24400,PERSON-RELATIVE,6,4
2847,24401,PERSON-RELATIVE,8,19
2847,24402,BYE,10,9
2847,NA,NA,3,3
2954,19709,PERSON-PARENT,80,140
2954,19710,POTTY,12,143
2954,19711,CUDDLE,68,120
2954,19712,OTHER,51,84
2954,19713,ALL DONE,68,107
2954,19714,TREAT-ICE,8,50
2954,19715,TOY-BALL,8,112
2954,19716,LOVE YOU,10,154
2954,19717,PERSON-PARENT,42,55
2954,19718,OWN NAME,35,104
2954,19719,PERSON-SIBLING,16,55
2954,19720,GO TO BED,39,80
2954,19721,PLAY-ALL,84,190
2954,19722,LOOK,4,58
2954,19723,PLAY-TUG,18,44
2954,19724,PLAY-HIDE & SEEK,22,38
2954,22233,RIDE,19,31
2954,22234,NOW,101,75
2954,22235,LATER,76,48
2954,24035,OUTDOOR LOCATION-BACK YARD,31,73
2954,26025,HOME,12,1
2954,26026,PLACE-OTHER,18,21
3077,6534,ALL DONE,49,6
3077,6536,OTHER,251,5
3077,6538,FOOD,251,298
3077,6541,LATER,44,10
3077,6543,PLAY-ALL,36,105
3077,6544,POOP,1,1
3077,6545,SETTLE,7,9
3077,6546,ANIMAL-DOG,3,0
3077,6549,WALK,107,75
3077,12773,TOY-BALL,26,44
3077,12776,COME,2,5
3077,12777,CUDDLE,5,4
3077,12779,OTHER,13,44
3077,12780,PERSON-ROOMMATE,8,2
3077,12781,OWN NAME,5,10
3077,12783,NO,5,2
3077,12785,GO OUTSIDE,124,179
3077,12790,TOY-OTHER,42,163
3077,12791,TOY-PUZZLE,28,75
3077,12792,INDOOR LOCATION-UPSTAIRS,4,1
3077,12795,YES,155,44
3077,17196,GO INSIDE,3,43
3077,17198,LOVE YOU,4,1
3077,17199,OTHER,18,23
3077,17200,INTERROGATIVE/QUESTION,167,18
3077,17203,PEE,7,27
3077,17204,TOY-PUZZLE,29,18
3077,17205,OTHER,14,2
3077,25121,WANT,111,141
3106,17256,POTTY,52,151
3106,17257,LET'S GO,49,17
3106,17258,WALK,22,59
3106,17259,FOOD,32,28
3106,17260,WATER,9,20
3106,17261,PLAY-ALL,7,17
3106,17262,PLAY-HIDE & SEEK,4,46
3106,17263,LOOK,5,20
3106,17264,TOY-BALL,3,25
3106,17265,TOY-PUZZLE,14,35
3106,17266,GO OUTSIDE,11,77
3106,17521,PLACE-PARK,4,42
3106,24784,MORE,1,0
3106,24785,ALL DONE,1,0
3106,24786,RIDE,3,2
3106,NA,NA,1,5
3203,12957,ALL DONE,29,59
3203,12958,PERSON-PARENT,13,72
3203,12959,FOOD,97,30
3203,12960,TREAT-ICE,12,107
3203,12961,LOVE YOU,20,83
3203,12962,PERSON-PARENT,44,83
3203,12963,OUTDOOR LOCATION-OTHER,55,73
3203,12964,POTTY,39,42
3203,12965,PLAY-ALL,26,19
3203,12966,WALK,53,79
3203,12967,WATER,19,99
3203,16222,OWN NAME,117,41
3203,16223,POOP,22,87
3203,16224,WANT,18,54
3203,16225,NOW,55,44
3203,16226,OTHER,84,12
3203,16227,TOY-OTHER,17,13
3203,16228,BEGIN TRAINING SESSION,14,35
3203,17597,OTHER,13,34
3287,6710,HELP,1,24
3287,6720,TOY-OTHER,1,13
3421,17310,ALL DONE,56,462
3421,17311,GO OUTSIDE,59,325
3421,17312,POTTY,14,764
3421,17313,PLAY-ALL,80,1269
3421,17314,OTHER,5,109
3421,17315,ANIMAL-CAT,15,220
3421,17358,FOOD,101,2142
3421,17359,WATER,4,159
3421,17360,CUDDLE,8,1040
3421,17361,TREAT-ICE,59,843
3421,17362,OWN NAME,88,269
3421,17363,PERSON-PARENT,34,558
3421,17364,PERSON-PARENT,43,573
3421,17365,HELP,14,395
3421,17366,NOW,49,291
3421,17367,LATER,36,75
3421,17368,WANT,110,139
3421,17369,OK,21,149
3421,17370,NO,15,389
3421,17428,HI,12,146
3421,17429,BYE,11,496
3421,17430,OTHER,23,71
3421,17470,CONCERNED,11,286
3421,17519,PLACE-BEACH,14,133
3421,17599,PLACE-PARK,30,120
3421,17600,YES,17,225
3421,17609,HAPPY,22,155
3421,17610,ANIMAL-BIRD,18,200
3421,18405,GO TO BED,5,83
3421,18564,OTHER,7,186
3421,18646,MAD,7,189
3421,18788,OTHER,10,322
3421,18857,ANIMAL-DOG,7,304
3421,18859,OTHER,5,207
3421,18860,OTHER,7,106
3421,18874,OTHER,5,233
3421,18875,OTHER,25,45
3421,19081,WALK,4,192
3421,19157,PLAY-FETCH,4,351
3421,19158,PLAY-TUG,5,431
3421,19159,PLAY-FETCH,5,928
3421,19306,PERSON-FRIEND,2,77
3421,19404,SETTLE,15,25
3421,19411,LOOK,6,230
3421,19541,BODY PART,2,203
3421,19697,PEE,1,131
3421,19698,POOP,2,103
3421,19763,HOME,5,108
3421,19846,BODY PART,1,67
3421,19847,BODY PART,4,425
3421,19848,PERSON-OTHER,2,109
3421,20744,MORE,6,47
3421,20745,TOY-OTHER,1,77
3421,21732,INTERROGATIVE/QUESTION,34,9
3421,22082,OTHER,2,92
3421,22093,OTHER,3,19
3421,22507,COME,2,2
3421,22802,OTHER,1,197
3421,22914,OTHER,2,47
3421,NA,NA,2,10
3490,17127,WALK,182,154
3490,17128,GO OUTSIDE,153,96
3490,17129,WATER,10,80
3490,17130,ALL DONE,224,69
3490,17131,LOVE YOU,9,91
3490,17132,PLAY-ALL,82,78
3490,19242,OTHER,2,42
3490,19243,GET IT,20,33
3490,19244,PEE,1,46
3490,19481,FOOD,91,43
3490,19794,PLAY-TUG,4,5
3490,20493,BYE,12,29
3490,21291,OTHER,16,1
3490,21292,NOW,30,6
3509,6811,TOY-BALL,179,632
3509,6812,FOOD,193,237
3509,6818,PERSON-PARENT,561,233
3509,6820,MORE,49,236
3509,6822,OUTDOOR LOCATION-BACK YARD,381,771
3509,6823,PLAY-ALL,298,507
3509,6824,POTTY,103,256
3509,6825,SETTLE,75,174
3509,6826,ANIMAL-CAT,7,2
3509,6828,TOY-OTHER,28,336
3509,6832,INTERROGATIVE/QUESTION,66,145
3509,13268,ALL DONE,376,242
3509,13270,BYE,63,22
3509,13272,PERSON-FRIEND,15,117
3509,13273,GO OUTSIDE,457,172
3509,13274,TOY-OTHER,28,293
3509,13275,HAPPY,19,122
3509,13276,HELP,76,127
3509,13277,HI,33,37
3509,13278,INTERROGATIVE/QUESTION,302,133
3509,13280,HOME,114,281
3509,13281,GO INSIDE,54,323
3509,13282,LATER,138,206
3509,13284,ANIMAL-LIZARD,57,218
3509,13285,LOVE YOU,72,61
3509,13287,PERSON-PARENT,231,89
3509,13289,NO,135,44
3509,13290,NOW,317,199
3509,13293,PERSON-RELATIVE,24,70
3509,13297,POOP,82,141
3509,13299,TOY-PUZZLE,89,195
3509,13301,ANIMAL-CAT,69,60
3509,13302,PLACE-DAYCARE,119,375
3509,13303,OWN NAME,1054,254
3509,13306,WALK,281,451
3509,13307,WANT,304,139
3509,13308,WATER,42,363
3509,13310,PLACE-OTHER,96,171
3509,13311,YES,346,65
3509,15970,PLAY-TUG,19,168
3509,15972,OTHER,28,35
3509,16221,BEGIN TRAINING SESSION,76,105
3509,16336,INTERROGATIVE/QUESTION,117,39
3509,16599,PLAY-HIDE & SEEK,58,104
3509,16616,ANIMAL-SQUIRREL,27,90
3509,16641,PERSON-OTHER,35,29
3509,16801,CONCERNED,27,106
3509,18271,PERSON-STRANGER,14,21
3509,18643,BATH,85,78
3509,19193,OTHER,26,46
3509,24917,PERSON-RELATIVE,8,14
3509,26285,OWN NAME,2,0
3509,26286,LATER,1,0
3509,26287,WANT,1,0
3509,NA,NA,1,0
3525,17827,FOOD,262,300
3525,17828,GO OUTSIDE,287,73
3525,17829,WATER,17,30
3525,17830,SCRITCHES,12,28
3525,17832,CUDDLE,67,25
3525,17833,PLACE-DAYCARE,8,17
3525,17834,PERSON-RELATIVE,3,0
3525,17835,WALK,6,13
3525,17836,PLACE-SOMEONE ELSE'S HOUSE,5,15
3525,17837,ALL DONE,44,11
3525,17838,MORE,14,7
3525,18942,POTTY,203,21
3525,18943,POOP,10,6
3525,19958,NOW,17,18
3525,19959,LATER,23,4
3525,22580,PLAY-ALL,16,27
3525,NA,NA,4,1
3570,180,OTHER,12,4
3570,181,ALL DONE,116,95
3570,183,ANIMAL-FRIEND,112,26
3570,187,BRUSH,9,17
3570,188,COME,1,12
3570,189,CONCERNED,2,2
3570,193,OTHER,1,38
3570,194,OTHER,16,11
3570,195,FOOD,168,1860
3570,196,FOOD,55,155
3570,197,FOOD,17,45
3570,198,FOOD,123,820
3570,200,GO OUTSIDE,92,720
3570,201,OTHER,68,3
3570,202,HAPPY,2,13
3570,204,HELP,11,55
3570,206,COME,2,18
3570,208,HOME,62,479
3570,210,FOOD,43,306
3570,211,OTHER,2,24
3570,213,INDOOR LOCATION-DOWNSTAIRS,70,168
3570,214,INDOOR LOCATION-OTHER,2,93
3570,216,INDOOR LOCATION-UPSTAIRS,27,289
3570,218,INTERROGATIVE/QUESTION,12,9
3570,219,LATER,81,81
3570,222,LET'S GO,104,35
3570,224,LOOK,3,22
3570,226,LOVE YOU,10,29
3570,228,MAD,8,12
3570,229,PERSON-OTHER,27,6
3570,230,MORE,20,11
3570,232,OTHER,74,2
3570,234,NO,2,8
3570,237,OTHER,14,104
3570,238,NOW,212,86
3570,259,OUTDOOR LOCATION-FRONT YARD,45,173
3570,261,OWN NAME,183,76
3570,265,PERSON-FRIEND,13,8
3570,266,PERSON-PARENT,73,91
3570,267,PERSON-PARENT,73,48
3570,272,PLAY-ALL,58,154
3570,274,PLAY-TUG,7,23
3570,278,POTTY,7,309
3570,281,OTHER,5,23
3570,283,SCRITCHES,33,460
3570,284,SETTLE,20,33
3570,287,OTHER,64,41
3570,291,TREAT-ALL,14,4
3570,294,TOY-BALL,54,406
3570,296,TOY-OTHER,25,62
3570,298,TOY-PUZZLE,119,330
3570,300,TOY-STUFFED ANIMAL,14,51
3570,301,TOY-STUFFED ANIMAL,14,50
3570,304,RIDE,104,157
3570,306,WALK,167,218
3570,308,WANT,197,36
3570,311,WATER,5,300
3570,313,INTERROGATIVE/QUESTION,2,18
3570,314,INTERROGATIVE/QUESTION,4,10
3570,316,YES,6,10
3570,320,PLACE-OTHER,62,7
3570,322,PLACE-OTHER,36,29
3570,323,OUTDOOR LOCATION-OTHER,13,8
3570,15992,NO,2,6
3570,16461,TOY-BONE,23,13
3570,16617,OTHER,7,3
3570,16645,ANIMAL-DOG,13,3
3570,16646,PERSON-STRANGER,21,0
3570,17627,ANIMAL-CAT,3,0
3570,17810,OTHER,4,16
3570,21115,PLACE-PARK,4,9
3570,NA,NA,4,2
3651,21838,OTHER,71,13
3651,21839,WALK,84,39
3651,21840,TOY-BALL,52,58
3651,21841,FOOD,145,159
3651,21945,SCRITCHES,81,35
3651,21979,ALL DONE,118,3
3651,22433,OK,104,1
3651,22443,BYE,33,7
3651,22543,TOY-OTHER,12,19
3651,22544,PERSON-STRANGER,16,1
3651,22545,INTERROGATIVE/QUESTION,18,13
3651,23236,GO OUTSIDE,5,2
3651,23238,RIDE,1,0
3674,21414,GO OUTSIDE,44,170
3674,21415,OWN NAME,43,31
3674,21416,PERSON-PARENT,18,23
3674,21417,PERSON-PARENT,6,46
3674,21418,ALL DONE,9,30
3674,21419,PLAY-FETCH,12,118
3674,21420,WANT,17,54
3674,21421,FOOD,52,105
3674,21422,YES,13,27
3674,21423,NOW,56,84
3674,21424,LATER,11,67
3674,21851,PLAY-ALL,11,120
3674,21852,PLAY-TUG,4,42
3674,21853,NO,3,17
3674,22160,ANIMAL-CAT,2,4
3674,22574,SCRITCHES,4,5
3674,22731,PLACE-PARK,7,32
3674,23522,HELP,6,20
3674,24504,WATER,2,7
3674,24505,WAIT,3,9
3871,13555,OWN NAME,659,112
3871,13556,ALL DONE,242,588
3871,13557,TOY-BALL,38,112
3871,13558,OTHER,217,87
3871,13559,HELP,43,74
3871,13560,LOVE YOU,39,157
3871,13561,GO TO BED,23,69
3871,13563,GO OUTSIDE,550,782
3871,13565,PLAY-ALL,197,145
3871,13566,TOY-OTHER,137,198
3871,13569,WATER,121,361
3871,13570,RUN/GO FAST,75,184
3871,16690,WANT,452,82
3871,16691,NOW,462,312
3871,16693,WALK,142,97
3871,16694,POTTY,103,121
3871,16695,PERSON-PARENT,105,134
3871,16696,PERSON-PARENT,72,102
3871,16697,INTERROGATIVE/QUESTION,44,79
3871,16698,LATER,82,107
3871,16699,OTHER,70,101
3871,16725,YES,439,68
3871,16726,NO,55,34
3871,17251,OTHER,151,60
3871,17526,LOOK,50,34
3871,17527,COME,76,27
3871,17528,INTERROGATIVE/QUESTION,223,34
3871,18582,PERSON-RELATIVE,22,22
3871,18720,PLAY-FETCH,51,55
3871,19439,TREAT-ALL,71,50
3871,19789,PERSON-RELATIVE,13,23
3871,19791,PERSON-RELATIVE,7,23
3871,19856,PLAY-TUG,53,61
3871,19881,OTHER,52,96
3871,20183,OTHER,30,27
3871,20499,OTHER,40,94
3871,20643,INTERROGATIVE/QUESTION,360,27
3871,21096,OTHER,63,33
3871,21097,MORE,76,24
3871,21586,OTHER,37,78
3871,21658,SCRITCHES,28,13
3871,22523,TREAT-ICE,59,69
3871,22746,FOOD,68,75
3871,23631,TEMPERATURE-HOT,37,59
3871,23632,TEMPERATURE-COLD,16,36
3871,24136,BODY PART,14,7
3871,25317,HAPPY,5,4
3871,25321,MAD,2,4
3871,25509,OTHER,3,6
3871,25510,OTHER,1,5
3871,26251,TOY-OTHER,3,5
3946,16272,OTHER,1,9
3961,13618,FOOD,50,167
3961,13621,GO OUTSIDE,93,73
3961,13622,PLAY-ALL,15,297
3961,13623,BEGIN TRAINING SESSION,19,348
3961,13624,WATER,4,41
3961,19501,OTHER,3,417
3961,19502,CUDDLE,6,27
3961,19503,SETTLE,9,14
3961,19504,INDOOR LOCATION-DOWNSTAIRS,56,33
3961,19506,OUTDOOR LOCATION-OTHER,3,18
3961,19507,NOW,60,38
3961,19508,LATER,5,51
3961,22655,OUTDOOR LOCATION-GARDEN,11,51
4178,8829,PLAY-ALL,83,781
4178,8830,TREAT-ALL,221,1123
4178,8942,ALL DONE,110,221
4178,8943,SCRITCHES,76,388
4178,8944,PERSON-PARENT,122,441
4178,8945,PERSON-PARENT,180,276
4178,8946,SETTLE,20,144
4178,8947,WALK,190,102
4178,8948,OWN NAME,376,220
4178,8949,LATER,54,87
4178,8950,HELP,34,188
4178,8951,NOW,111,84
4178,8952,LOOK,17,445
4178,8953,GO INSIDE,26,84
4178,8954,GO OUTSIDE,125,115
4178,8955,TOY-PUZZLE,106,135
4178,8956,OTHER,174,27
4178,8957,PERSON-FRIEND,47,67
4178,8958,LOVE YOU,82,27
4178,8959,YES,156,108
4178,8960,NO,63,40
4178,8961,INTERROGATIVE/QUESTION,233,11
4178,8962,OTHER,97,107
4178,8963,HOME,80,55
4178,8964,HAPPY,58,99
4178,8965,MAD,43,55
4178,8966,OTHER,40,31
4178,16138,WANT,160,143
4178,16144,PERSON-STRANGER,67,95
4178,16335,HI,61,193
4178,16606,PLACE-PARK,53,56
4178,17040,OTHER,67,85
4178,22416,BODY PART,3,5
4178,23087,OTHER,30,19
4178,24053,OTHER,16,41
4178,24879,TEMPERATURE-HOT,21,12
4178,26093,BYE,8,6
4215,7315,FOOD,728,1807
4215,7316,GO OUTSIDE,907,1216
4215,7317,PLAY-ALL,534,80
4215,7318,WALK,105,11
4215,13902,COME,464,29
4215,13905,OTHER,66,1
4215,13906,PERSON-PARENT,299,12
4215,16474,ALL DONE,840,70
4215,16475,TOY-PUZZLE,156,281
4215,16476,CUDDLE,340,55
4215,16477,YES,789,7
4215,16478,NO,184,9
4215,16479,TOY-BALL,465,280
4215,17092,INTERROGATIVE/QUESTION,9,0
4215,17465,PERSON-PARENT,390,25
4215,18228,GO TO BED,192,21
4215,19811,INTERROGATIVE/QUESTION,312,79
4215,21679,OTHER,94,18
4215,22554,ANIMAL-FRIEND,56,5
4215,22572,PERSON-STRANGER,34,5
4215,NA,NA,3,6
4260,7609,OWN NAME,29,58
4260,7610,ALL DONE,29,107
4260,7611,ANIMAL-DOG,10,11
4260,7612,TOY-BALL,21,170
4260,7613,ANIMAL-DOG,5,1
4260,7614,OTHER,29,51
4260,7616,OTHER,5,37
4260,7617,GO INSIDE,29,82
4260,7618,OWN NAME,45,22
4260,7619,FOOD,132,0
4260,7621,PERSON-PARENT,44,35
4260,7622,MORE,80,207
4260,7623,ANIMAL-DOG,10,3
4260,7624,OTHER,1,37
4260,7625,GO OUTSIDE,62,1274
4260,7626,SCRITCHES,12,8
4260,7627,PLAY-ALL,25,135
4260,7628,POTTY,11,312
4260,7629,RIDE,15,0
4260,7630,LAP,18,0
4260,7631,SETTLE,11,33
4260,7632,PLAY-TUG,2,70
4260,7633,WANT,30,136
4260,7634,WATER,6,7
4260,7635,FOOD,116,0
4260,7636,OTHER,2,70
4260,15973,PLAY-ALL,16,129
4260,15974,OTHER,5,40
4260,15976,YES,73,9
4260,15977,NO,2,10
4260,15978,INTERROGATIVE/QUESTION,38,15
4260,15979,OTHER,9,46
4260,15981,PERSON-NEIGHBOR,1,8
4260,15982,TOY-FRISBEE,4,166
4260,15983,PERSON-FRIEND,4,7
4260,15984,TOY-PUZZLE,4,18
4260,15985,NOW,53,152
4260,15986,LATER,51,29
4260,16456,BEGIN TRAINING SESSION,21,0
4260,16620,HI,3,0
4260,16621,BYE,19,0
4260,16720,OTHER,8,33
4260,18864,OTHER,2,35
4260,19003,LOVE YOU,1,0
4260,19305,HELP,4,21
4260,20988,BODY PART,9,0
4260,24170,WALK,10,8
4275,271,PLAY-ALL,1,126
4412,18113,WALK,41,35
4412,18114,CUDDLE,1,17
4412,18637,OWN NAME,40,20
4412,18638,PLAY-ALL,23,110
4412,18639,ALL DONE,45,73
4412,18640,FOOD,66,263
4412,19701,PERSON-PARENT,21,49
4412,19702,PLAY-TUG,30,150
4412,21663,TREAT-ALL,9,99
4412,21664,OTHER,14,10
4412,21665,LATER,19,6
4412,21962,PERSON-STRANGER,7,3
4412,22940,LOVE YOU,2,2
4412,23459,PERSON-FRIEND,2,3
4412,23879,OUTDOOR LOCATION-OTHER,3,0
4412,25631,WATER,5,1
4412,26193,NOW,1,0
4459,7565,FOOD,8,45
4459,7566,POTTY,4,169
4459,7567,WALK,6,36
4459,14168,TOY-OTHER,3,15
4459,19246,PLAY-ALL,11,77
4459,19247,ALL DONE,6,39
4459,19248,TOY-BONE,14,87
4459,19250,GO OUTSIDE,8,39
4459,19251,OTHER,4,27
4459,19253,OTHER,8,17
4459,19254,PERSON-PARENT,29,39
4459,19256,OWN NAME,46,39
4459,19257,BEGIN TRAINING SESSION,7,44
4459,19258,TOY-BALL,3,9
4459,19260,TOY-STUFFED ANIMAL,3,19
4459,19261,TOY-PUZZLE,6,48
4459,19262,OTHER,2,4
4459,19263,PLAY-TUG,4,35
4459,19676,NO,9,18
4459,19677,YES,13,36
4459,19678,INTERROGATIVE/QUESTION,24,23
4459,20941,OTHER,1,15
4459,20943,HAPPY,3,8
4464,18146,OUTDOOR LOCATION-BACK YARD,29,13
4464,18147,INDOOR LOCATION-KITCHEN,5,0
4464,18148,LOVE YOU,6,0
4464,18149,WANT,47,6
4464,18150,OTHER,5,2
4464,18151,YES,19,1
4464,18153,PERSON-PARENT,40,21
4464,18154,OWN NAME,63,16
4464,18155,PERSON-RELATIVE,6,0
4464,18156,ANIMAL-FRIEND,10,0
4464,18158,PERSON-STRANGER,3,0
4464,18160,PLAY-ALL,21,0
4464,18161,HELP,2,0
4464,18162,LOOK,19,1
4464,18163,COME,7,7
4464,18164,CUDDLE,17,4
4464,18165,TOY-OTHER,9,1
4464,18166,WATER,1,4
4464,18167,OTHER,7,1
4464,18168,OTHER,22,2
4464,18169,TOY-BALL,11,2
4464,18170,INDOOR LOCATION-DOWNSTAIRS,1,0
4464,18171,INDOOR LOCATION-OTHER,8,5
4464,18172,ALL DONE,42,3
4464,18173,MORE,11,9
4464,18174,NOW,43,1
4464,18175,LATER,7,0
4464,18177,TOY-PUZZLE,39,21
4464,18589,OTHER,7,0
4464,18590,OTHER,4,0
4464,18721,TOY-OTHER,2,2
4464,18807,WALK,29,16
4464,18910,INTERROGATIVE/QUESTION,30,2
4464,18930,SETTLE,2,0
4464,18957,OTHER,7,1
4464,18998,PLACE-SOMEONE ELSE'S HOUSE,2,7
4464,19082,ANIMAL-CAT,4,0
4464,19083,ANIMAL-DOG,3,0
4464,19133,BYE,24,17
4464,19245,HOME,15,0
4464,19352,HI,5,0
4464,19353,BODY PART,5,0
4464,19542,ANIMAL-OTHER,6,1
4464,20132,OUTDOOR LOCATION-OTHER,1,1
4644,14318,ALL DONE,66,5
4644,14319,FOOD,274,385
4644,14320,LATER,62,0
4644,14321,LOVE YOU,8,34
4644,14322,NOW,163,17
4644,14323,GO OUTSIDE,88,270
4644,14324,PERSON-PARENT,12,10
4644,14325,PERSON-SIBLING,10,15
4644,14326,PLAY-ALL,36,46
4644,14327,SCRITCHES,32,35
4644,14328,INDOOR LOCATION-UPSTAIRS,34,33
4644,14329,WATER,92,337
4644,16884,PERSON-PARENT,6,5
4644,16885,PERSON-SIBLING,3,2
4644,16886,WALK,58,18
4644,16887,ANIMAL-FRIEND,8,4
4644,16888,OWN NAME,108,6
4644,16889,POTTY,50,26
4644,17515,OTHER,17,12
4644,17642,YES,184,9
4644,17643,NO,53,10
4644,18734,OTHER,98,2
4644,18735,OTHER,32,1
4644,18948,OTHER,40,0
4644,19084,PERSON-OTHER,38,1
4644,19085,ANIMAL-DOG,33,2
4645,14330,TOY-BALL,19,39
4645,14331,GO OUTSIDE,191,61
4645,14332,FOOD,63,74
4645,17409,LATER,47,79
4645,17410,ALL DONE,30,80
4645,17411,PLAY-ALL,32,94
4645,17412,RIDE,9,26
4645,17413,PLACE-DAYCARE,15,37
4645,17414,WATER,5,33
4645,17415,TOY-STUFFED ANIMAL,1,15
4645,17417,PLAY-FETCH,29,33
4645,17418,SCRITCHES,8,74
4645,17419,HELP,13,49
4645,17421,PEE,104,81
4645,17422,POOP,105,240
4645,18801,NOW,114,100
4645,19852,WALK,15,59
4645,20893,SETTLE,2,3
4645,20894,CRATE,1,2
4670,182,ALL DONE,61,63
4670,184,ANIMAL-FRIEND,22,78
4670,191,CONCERNED,8,5
4670,192,CUDDLE,11,182
4670,199,FOOD,46,757
4670,205,HELP,2,249
4670,209,HOME,12,150
4670,212,INDOOR LOCATION-BEDROOM,4,86
4670,215,INDOOR LOCATION-OTHER,14,125
4670,217,INDOOR LOCATION-UPSTAIRS,11,65
4670,221,LATER,38,48
4670,227,LOVE YOU,9,103
4670,236,NO,8,81
4670,241,OTHER,4,44
4670,242,OTHER,14,30
4670,243,OTHER,10,27
4670,244,OTHER,5,144
4670,245,OTHER,9,8
4670,246,OTHER,30,112
4670,247,OTHER,8,3
4670,253,OTHER,3,133
4670,254,OTHER,10,33
4670,258,OUTDOOR LOCATION-BACK YARD,20,534
4670,262,OWN NAME,118,315
4670,268,PERSON-PARENT,49,340
4670,269,PERSON-PARENT,20,56
4670,270,PERSON-RELATIVE,4,170
4670,273,PLAY-ALL,2,434
4670,275,PLAY-TUG,2,51
4670,282,RIDE,7,475
4670,285,OTHER,2,106
4670,286,OTHER,7,52
4670,290,TEMPERATURE-HOT,7,5
4670,295,TOY-BALL,3,213
4670,297,TOY-OTHER,7,369
4670,299,TOY-PUZZLE,15,269
4670,303,TREAT-ALL,2,283
4670,307,WALK,37,133
4670,310,WANT,47,274
4670,317,YES,11,178
4670,8802,INTERROGATIVE/QUESTION,66,52
4670,8803,TEMPERATURE-COLD,4,3
4670,8804,OUTDOOR LOCATION-BACK YARD,2,34
4670,8907,ANIMAL-DOG,2,33
4670,8930,PLACE-DAYCARE,2,59
4670,8931,PLACE-PARK,1,24
4670,18765,OTHER,4,52
4670,19531,OTHER,7,33
4670,20229,OTHER,26,54
4670,20748,TOY-OTHER,6,43
4670,20749,TOY-OTHER,4,22
4670,24622,LOOK,1,16
4734,14442,PLAY-ALL,1,30
4734,14464,LOOK,1,4
4734,14468,PERSON-PARENT,2,98
4734,14478,PLAY-ALL,1,9
4792,17784,NA,1,0
4792,17795,PLAY-ALL,641,13
4792,17939,FOOD,118,0
4792,17940,LOVE YOU,599,6
4792,17942,NO,12,0
4792,17945,BYE,24,0
4792,17947,COME,202,0
4792,17948,ALL DONE,320,23
4792,17951,TOY-OTHER,24,0
4792,17953,HELP,40,0
4792,17955,CONCERNED,7,0
4792,18865,OTHER,2,0
4792,19492,FOOD,171,20
4792,19793,TREAT-ALL,695,17
4792,19956,BRUSH,67,1
4792,19957,FOOD,985,16
4792,20243,GO OUTSIDE,543,60
4792,20244,TOY-PUZZLE,98,7
4792,20644,FOOD,26,0
4792,20645,WATER,30,0
4792,20696,POTTY,11,0
4792,20867,OWN NAME,269,3
4792,20868,OWN NAME,199,4
4792,20869,OWN NAME,207,5
4792,20870,OWN NAME,180,0
4792,20871,OWN NAME,146,0
4792,20872,OWN NAME,369,53
4792,20873,PERSON-PARENT,174,4
4792,20874,PERSON-PARENT,75,5
4792,20886,TOY-OTHER,179,4
4792,21086,TREAT-ALL,229,7
4792,21314,TOY-OTHER,32,0
4792,22253,ANIMAL-BIRD,8,0
4792,22471,TOY-PUZZLE,60,13
4792,22546,YES,289,21
4792,22828,GO TO BED,55,1
4792,22829,MORE,37,19
4792,22830,HI,129,7
4792,22831,SCRITCHES,22,0
4792,22903,TOY-OTHER,8,0
4792,22904,TOY-OTHER,3,0
4792,23062,RIDE,4,0
4792,24186,TREAT-CHICKEN,13,0
4792,24518,WANT,471,38
4792,24519,INTERROGATIVE/QUESTION,66,10
4792,24520,MAD,13,8
4792,24614,OTHER,33,2
4792,24615,OTHER,12,8
4792,25016,FOOD,66,1
4792,25017,OUTDOOR LOCATION-OTHER,14,4
4792,25018,PLAY-ALL,7,6
4792,25019,BRUSH,8,0
4792,25197,OTHER,2,10
4792,25513,NOW,43,41
4792,25514,LATER,24,1
4792,25515,OTHER,6,12
4792,25516,INDOOR LOCATION-KITCHEN,5,9
4792,25517,INDOOR LOCATION-OTHER,3,1
4792,25518,BYE,10,2
4792,25519,CRATE,2,1
4792,26221,OTHER,8,1
4792,NA,NA,2,3
4802,7900,TOY-BALL,25,199
4802,7901,PLAY-ALL,98,108
4802,18812,GO OUTSIDE,110,42
4802,18813,PLAY-ALL,10,69
4802,18814,PLAY-ALL,17,94
4802,18815,SCRITCHES,16,63
4802,18817,PERSON-PARENT,176,77
4802,18818,OWN NAME,294,83
4802,18819,HELP,29,73
4802,18820,ANIMAL-FRIEND,59,54
4802,18821,LOVE YOU,27,77
4802,18822,HELP,37,32
4802,18823,SETTLE,20,79
4802,18824,TOY-PUZZLE,122,210
4802,18825,BODY PART,7,45
4802,18826,BODY PART,8,40
4802,18827,BODY PART,13,53
4802,18828,YES,93,119
4802,18829,NO,33,123
4802,18830,PLAY-TUG,47,214
4802,18831,CONCERNED,20,71
4802,18832,PERSON-SIBLING,15,64
4802,18833,PERSON-PARENT,37,50
4802,18834,FOOD,22,208
4802,18835,FOOD,88,164
4802,18836,FOOD,115,199
4802,18837,OTHER,23,48
4802,18838,HOME,36,23
4802,18839,ALL DONE,112,63
4802,18840,NOW,259,56
4802,18841,WANT,375,52
4802,18842,BODY PART,34,42
4802,18843,BODY PART,28,75
4802,18844,BODY PART,13,69
4802,18845,BODY PART,23,50
4802,18847,BODY PART,21,30
4802,18848,PERSON-OTHER,35,121
4802,18849,ANIMAL-DOG,41,85
4802,18850,OTHER,22,38
4802,18851,OTHER,6,50
4802,18852,PERSON-SIBLING,12,39
4802,18853,PLAY-TUG,7,82
4802,18854,PLAY-ALL,20,86
4802,18855,PLAY-ALL,16,110
4802,18858,WALK,76,106
4802,18861,TOY-PUZZLE,72,142
4802,18880,TREAT-ALL,50,171
4802,18929,OTHER,16,32
4802,18980,OTHER,58,57
4802,18981,LATER,99,68
4802,18982,WATER,20,36
4802,18990,OTHER,26,20
4802,19289,INTERROGATIVE/QUESTION,340,147
4802,19290,PLACE-PARK,39,40
4802,19783,OK,60,190
4802,20106,CUDDLE,6,35
4802,21127,MORE,32,39
4802,21173,OTHER,22,62
4802,21257,PEE,23,35
4802,21258,POOP,16,24
4802,21294,OTHER,11,7
4802,21295,COME,9,22
4802,21296,OTHER,17,9
4802,21302,OTHER,37,41
4802,21625,QUIET,6,52
4802,21626,OTHER,11,34
4802,21627,TEMPERATURE-HOT,9,8
4802,21628,TEMPERATURE-COLD,2,5
4802,21765,PLAY-HIDE & SEEK,23,50
4802,21939,OTHER,21,13
4802,22036,OTHER,13,14
4802,22430,HAPPY,36,29
4802,22431,OTHER,18,7
4802,22503,OTHER,27,13
4802,22504,WAIT,9,8
4802,22505,OTHER,29,27
4802,22506,LOOK,14,7
4802,22553,OTHER,42,16
4802,22641,TREAT-ALL,8,42
4802,22654,OTHER,18,15
4802,22673,ANIMAL-BIRD,30,31
4802,23164,OTHER,21,6
4802,23527,OTHER,26,27
4802,23528,OTHER,42,11
4802,23529,OTHER,41,7
4802,23530,OTHER,37,31
4802,23723,SWIM,9,3
4802,23724,SAD,14,3
4802,23725,ANIMAL-OTHER,8,9
4802,23740,OTHER,10,0
4802,23741,OTHER,11,0
4802,23935,PLACE-VET,11,3
4802,24276,BATH,2,2
4802,24543,GO TO BED,4,1
4802,24627,ANIMAL-BUG,9,4
4802,24869,OTHER,7,1
4802,24870,OTHER,4,5
4802,25218,OTHER,4,7
4802,25219,ALL DONE,4,0
4802,25433,OTHER,2,0
4802,25434,OTHER,6,0
4802,25436,OTHER,6,0
4802,25438,OTHER,6,5
4802,25471,KISS,17,1
4802,25529,OTHER,8,2
4802,25530,OTHER,6,5
4802,25681,YES,1,29
4802,25682,NO,4,19
4802,26215,OTHER,1,0
4854,19143,WALK,39,17
4854,19144,OUTDOOR LOCATION-BACK YARD,49,41
4854,19145,WATER,19,14
4854,19147,PLAY-ALL,26,1
4854,19148,GO OUTSIDE,50,170
4854,19149,OTHER,15,6
4854,19160,YES,15,1
4854,19161,NO,5,3
4854,19162,ALL DONE,31,3
4854,19163,FOOD,57,43
4854,19164,LOVE YOU,11,20
4854,19516,NOW,22,31
4854,19529,LATER,20,15
4854,20571,BODY PART,8,5
4854,20678,TOY-BONE,8,14
4854,21172,BRUSH,2,1
4854,23229,OWN NAME,6,0
4854,23282,BATH,2,0
4854,23552,HAPPY,1,0
4854,23591,BYE,3,0
4854,23592,HI,1,0
4921,14789,OUTDOOR LOCATION-FRONT YARD,31,34
4921,17620,PERSON-PARENT,15,29
4921,17621,PERSON-PARENT,3,8
4921,17622,ANIMAL-DOG,26,20
4921,17623,ANIMAL-DOG,34,14
4921,17624,FOOD,23,17
4921,17626,TREAT-ALL,4,22
4921,17637,CUDDLE,9,14
4921,17638,PLAY-ALL,16,16
4921,18159,ALL DONE,27,10
4921,18180,PEE,13,5
4921,21434,LATER,2,2
4921,21435,NOW,1,0
4921,22123,HELP,1,0
4968,7996,ALL DONE,82,14
4968,7997,FOOD,31,184
4968,7998,GO OUTSIDE,19,36
4968,7999,PLAY-ALL,46,558
4968,8000,TOY-STUFFED ANIMAL,13,323
4968,8001,TOY-OTHER,43,199
4968,8002,WATER,16,236
4968,14798,ANIMAL-DOG,15,300
4968,14803,OUTDOOR LOCATION-BACK YARD,85,29
4968,14804,TOY-BALL,13,311
4968,14805,INDOOR LOCATION-BEDROOM,11,9
4968,14806,BYE,13,42
4968,14807,RIDE,5,23
4968,14808,PLAY-ALL,7,293
4968,14809,TOY-BONE,14,150
4968,14810,COME,19,617
4968,14811,PLACE-DAYCARE,4,5
4968,14812,OUTDOOR LOCATION-OTHER,16,33
4968,14814,PERSON-FRIEND,5,112
4968,14815,GO OUTSIDE,46,812
4968,14816,HAPPY,1,5
4968,14817,HELP,12,559
4968,14819,WALK,4,9
4968,14820,INTERROGATIVE/QUESTION,135,101
4968,14821,LATER,48,23
4968,14822,LOOK,5,346
4968,14823,LOVE YOU,6,127
4968,14824,MAD,4,15
4968,14825,MORE,43,9
4968,14826,PERSON-NEIGHBOR,5,79
4968,14827,NO,22,77
4968,14828,OTHER,8,22
4968,14829,NOW,81,23
4968,14830,OTHER,12,19
4968,14831,OTHER,1,39
4968,14833,OWN NAME,91,119
4968,14834,OTHER,1,92
4968,14835,SCRITCHES,4,296
4968,14837,POOP,39,937
4968,14838,POTTY,24,225
4968,14839,OTHER,11,6
4968,14840,PERSON-PARENT,58,100
4968,14841,SCRITCHES,1,135
4968,14842,SETTLE,9,247
4968,14843,OTHER,3,87
4968,14844,OTHER,20,20
4968,14847,PERSON-STRANGER,12,98
4968,14848,WALK,44,75
4968,14849,WANT,67,298
4968,14851,INTERROGATIVE/QUESTION,37,80
4968,14852,INTERROGATIVE/QUESTION,23,29
4968,14853,INDOOR LOCATION-OTHER,1,3
4968,14854,YES,30,110
4968,16045,OTHER,3,82
4968,16061,OTHER,6,77
4968,16068,PERSON-OTHER,3,111
4968,16173,OTHER,13,7
4968,16174,HOME,9,18
4968,16178,PLAY-FETCH,20,148
4968,16266,OTHER,1,23
4968,16428,OTHER,1,27
4968,16462,CONCERNED,2,16
4968,16530,PERSON-OTHER,9,106
4968,16533,OTHER,6,13
4968,16632,TREAT-ICE,21,150
4968,16633,OTHER,17,62
4968,16634,OTHER,9,10
4968,16635,OTHER,19,52
4968,16636,OTHER,13,33
4968,16739,PLAY-TUG,12,83
4968,18190,PLACE-OTHER,6,2
4968,18191,OTHER,5,124
4968,18192,TOY-OTHER,4,87
4968,18193,OTHER,24,136
4968,19770,OTHER,8,96
4968,19771,TOY-PUZZLE,6,58
4968,19851,PLACE-PARK,2,0
4968,20817,BODY PART,4,0
4968,23407,OTHER,3,10
4968,23408,ANIMAL-OTHER,9,64
4968,24192,TEMPERATURE-HOT,8,0
4968,24193,TEMPERATURE-COLD,4,0
4968,24194,OTHER,8,9
4968,24195,OTHER,1,0
5174,8140,ALL DONE,14,2
5174,8141,ANIMAL-DOG,4,3
5174,8142,TOY-BALL,2,1
5174,8143,GO TO BED,4,5
5174,8144,BYE,8,2
5174,8145,PERSON-PARENT,14,2
5174,8146,COME,3,1
5174,8147,OTHER,2,7
5174,8148,FOOD,12,30
5174,8149,OTHER,12,1
5174,8150,HAPPY,4,4
5174,8151,OWN NAME,29,0
5174,8152,HOME,9,7
5174,8153,ANIMAL-OTHER,2,6
5174,8154,GO INSIDE,4,3
5174,8155,PERSON-RELATIVE,3,2
5174,8156,ANIMAL-DOG,4,2
5174,8157,LATER,13,4
5174,8159,PERSON-PARENT,7,9
5174,8160,NO,38,6
5174,8161,NOW,33,6
5174,8162,OTHER,1,0
5174,8163,GO OUTSIDE,67,147
5174,8164,PLAY-ALL,3,2
5174,8166,POTTY,5,9
5174,8168,ANIMAL-DOG,5,4
5174,8170,SETTLE,3,2
5174,8171,TREAT-ALL,9,1
5174,8172,ANIMAL-CAT,2,3
5174,8174,WALK,9,19
5174,8175,WANT,23,1
5174,8176,WATER,1,8
5174,8177,INTERROGATIVE/QUESTION,1,4
5174,8179,YES,29,10
5174,15072,LOVE YOU,2,8
5174,16285,OTHER,12,4
5174,16286,OTHER,1,20
5174,16302,PERSON-OTHER,7,11
5174,16303,OTHER,1,11
5174,16373,LOOK,1,5
5174,16536,TEMPERATURE-COLD,2,3
5174,16597,SWIM,4,1
5174,16607,TEMPERATURE-HOT,3,8
5174,17631,OTHER,1,1
5174,18429,ANIMAL-DOG,2,0
5174,18492,OTHER,4,0
5174,20771,OTHER,1,1
5448,16062,PLAY-ALL,48,69
5448,16063,TREAT-ICE,3,45
5448,16064,WATER,43,12
5448,16065,FOOD,13,22
5448,16066,GO OUTSIDE,15,27
5448,16067,PERSON-PARENT,5,3
5448,16069,LOVE YOU,18,57
5448,16070,PERSON-PARENT,21,15
5448,16071,OWN NAME,26,3
5448,16072,OUTDOOR LOCATION-BACK YARD,13,18
5448,16073,PLACE-PARK,11,11
5448,16074,PERSON-RELATIVE,1,3
5448,16075,YES,18,13
5448,16076,NO,16,14
5448,16077,ALL DONE,40,24
5448,16078,MORE,20,27
5448,16079,HELP,23,53
5448,16325,PERSON-NEIGHBOR,5,12
5448,16326,OTHER,25,35
5448,16488,SAD,2,27
5448,16489,MAD,2,16
5448,16491,HAPPY,4,10
5448,16760,OTHER,4,1
5448,16761,WANT,3,1
5448,16762,INTERROGATIVE/QUESTION,2,2
5448,16763,FIND,1,1
5448,NA,NA,4,0
5594,18597,PLAY-ALL,36,35
5594,18598,TOY-BALL,29,40
5594,18599,ALL DONE,51,8
5594,18600,GO OUTSIDE,41,50
5594,18601,TREAT-ALL,26,29
5594,18602,TOY-OTHER,29,21
5594,18603,WATER,4,2
5594,18737,SCRITCHES,12,7
5594,NA,NA,19,12
5642,16658,PERSON-PARENT,92,6
5642,16659,PERSON-PARENT,29,1
5642,16660,PERSON-PARENT,38,1
5642,16661,OUTDOOR LOCATION-BACK YARD,65,18
5642,16662,OTHER,19,34
5642,16663,PLAY-ALL,59,339
5642,16664,WALK,11,3
5642,16665,WANT,83,16
5642,16666,SCRITCHES,14,16
5642,16667,SETTLE,33,6
5642,16668,OTHER,9,8
5642,16669,BYE,36,9
5642,16670,TREAT-ICE,5,12
5642,16671,HELP,28,7
5642,16672,PLAY-TUG,23,83
5642,16673,TOY-BONE,23,69
5642,16674,OUTDOOR LOCATION-PORCH,16,10
5642,16675,NOW,110,50
5642,16676,LATER,45,16
5642,16677,TOY-BALL,19,15
5642,16678,FOOD,30,6
5642,16679,TOY-OTHER,6,13
5642,16680,TOY-STUFFED ANIMAL,16,6
5642,16681,LET'S GO,37,5
5642,16729,OTHER,40,19
5642,16742,OTHER,10,5
5642,16790,INDOOR LOCATION-UPSTAIRS,25,2
5642,16794,OWN NAME,64,3
5642,16805,OTHER,14,2
5642,17250,ALL DONE,15,1
5642,18294,PLACE-PARK,7,5
5642,19184,INTERROGATIVE/QUESTION,5,14
5680,15764,FOOD,21,1084
5680,15765,HUG,2,142
5680,15766,PERSON-PARENT,23,310
5680,15768,GO OUTSIDE,29,371
5680,15769,PLAY-ALL,23,284
5680,15770,BEGIN TRAINING SESSION,8,115
5680,15771,PERSON-ROOMMATE,19,281
5680,15901,HELP,14,126
5680,15902,ALL DONE,26,54
5680,15903,BYE,35,65
5680,15904,OWN NAME,56,81
5680,15905,ANIMAL-DOG,35,28
5680,16445,WANT,18,393
5680,16446,PLAY-HIDE & SEEK,11,95
5680,16447,PERSON-RELATIVE,12,110
5680,16448,TREAT-ALL,7,198
5680,16721,ANIMAL-DOG,10,145
5680,16722,PERSON-FRIEND,8,34
5680,19547,OTHER,16,115
5680,19548,COME,5,146
5680,19549,WALK,3,55
5680,21126,TOY-PUZZLE,9,392
5680,21542,TOY-OTHER,4,62
5680,22227,OTHER,7,20
5680,22228,SCRITCHES,1,41
5680,22229,GO TO BED,2,15
5680,22230,OTHER,5,11
5680,NA,NA,34,21
7441,23667,PLAY-ALL,50,76
7441,23668,OUTDOOR LOCATION-BACK YARD,56,232
7441,23669,ALL DONE,21,5
7441,23670,WATER,7,9
7441,23671,FOOD,15,24
7441,23672,NOW,55,22
7441,23673,LATER,21,29
7441,23772,OWN NAME,5,43
7441,23905,YES,18,40
7441,23906,NO,3,15
7441,24901,PERSON-PARENT,7,115
7441,25088,ANIMAL-DOG,2,34
7441,25443,SCRITCHES,7,49
7441,25445,PLAY-TUG,17,82
7441,25565,TOY-OTHER,2,3
7441,25666,HELP,3,1
7441,25752,ANIMAL-CAT,5,8
7441,25851,CUDDLE,2,2
7679,23222,PLAY-ALL,208,109
7679,23223,ALL DONE,96,13
7679,23224,OUTDOOR LOCATION-OTHER,241,7
7679,23225,HAPPY,6,28
7679,23226,LOVE YOU,65,66
7679,23227,TOY-STUFFED ANIMAL,43,72
7679,23745,BYE,60,35
7679,23746,WALK,119,88
7679,23747,LATER,56,20
7679,24477,PERSON-PARENT,24,32
7679,24478,PERSON-PARENT,119,37
7679,24479,HOME,16,16
7679,24612,POTTY,25,9
7679,24867,COME,11,4
7679,25213,TOY-OTHER,39,5
7679,25233,ANIMAL-FRIEND,39,6
